order_id,date,time,order_type,branch_code,order_items,order_price,customer_lat,customer_lon,customerHasloyalty?,distance_to_customer_KM,delivery_fee
ORDA07176,2018-08-09,15:16:03,Lunch,BK,"[('Fries', 6), ('Chicken', 8)]",328.0,-37.8007208,144.959719,0,8.245,13.3796597
ORDI08901,2018-02-08,09:10:59,Breakfast,NS,"[('Coffee', 4), ('Cereal', 9)]",219.0,-37.8207999,144.9794147,0,8.752,13.8302326
ORDI01822,2018-01-22,08:40:33,Breakfast,NS,"[('Coffee', 3), ('Eggs', 4)]",110.5,-37.8251688,144.9567901,0,9.734,14.8748241
ORDY02007,2018-01-02,08:00:00,Breakfast,TP,"[('Eggs', 10), ('Coffee', 4), ('Cereal', 5), ('Pancake', 10)]",597.5,-37.7989055,145.011509,1,13.202,7.3285306
ORDY03043,2018-04-17,11:22:49,Breakfast,TP,"[('Coffee', 8), ('Eggs', 4), ('Cereal', 1)]",169.0,-37.8119517,144.9513726,0,9.143,11.1341833
ORDX05443,2018-03-26,10:42:15,Breakfast,BK,"[('Cereal', 4), ('Eggs', 4)]",172.0,-37.8013766,144.9743451,0,7.167,17.89299195
ORDX06616,2018-01-06,08:10:08,Breakfast,BK,"[('Pancake', 10), ('Cereal', 4)]",326.5,-37.8002952,144.9706506,1,7.536,7.3275281
ORDZ08209,2018-04-29,11:53:14,Breakfast,NS,"[('Eggs', 9), ('Coffee', 7)]",250.5,-37.8023724,144.9595655,0,7.286,21.070260150000003
ORDX06088,2018-08-07,15:16:03,Lunch,BK,"[('Chicken', 9), ('Steak', 5), ('Fries', 10), ('Salad', 5), ('Burger', 8)]",967.0,-37.8148844,144.9376827,0,9.936,16.0653598
ORDZ11061,2018-06-30,13:54:55,Lunch,NS,"[('Fries', 6), ('Burger', 6), ('Steak', 4)]",438.0,-37.8056197,144.9537607,0,8.143,15.43654
ORDB03296,2018-07-08,14:15:12,Lunch,TP,"[('Steak', 2), ('Chicken', 4)]",218.0,-37.819881,144.9612829,0,7.58,12.1980008
ORDX08114,2018-08-24,15:46:28,Lunch,BK,"[('Steak', 9), ('Salad', 7)]",525.4,-37.8175855,144.9689222,0,7.755,13.8047822
ORDJ10022,2018-05-16,12:23:39,Lunch,TP,"[('Burger', 3), ('Steak', 2), ('Chicken', 2), ('Fries', 5), ('Salad', 6)]",410.2,-37.8144278,144.9744102,0,8.416,11.7905958
ORDX02418,2018-06-06,13:04:13,Lunch,BK,"[('Steak', 7), ('Salad', 1), ('Burger', 7)]",549.2,-37.7998978,144.990086,0,6.128,12.2279366
ORDB06275,2018-03-30,10:52:23,Breakfast,TP,"[('Cereal', 7), ('Eggs', 1), ('Pancake', 8), ('Coffee', 1)]",370.5,-37.8071155,144.9598682,0,8.875,11.7441614
ORDB08980,2018-03-21,10:32:06,Breakfast,TP,"[('Cereal', 7), ('Pancake', 3)]",219.75,-37.8140793,144.9601084,0,8.343,10.8945634
ORDZ01069,2018-03-23,10:32:06,Breakfast,NS,"[('Cereal', 5), ('Coffee', 9), ('Pancake', 9)]",390.75,-37.8004816,144.95821,0,7.294,11.8996581
ORDB05726,2018-07-31,14:55:46,Lunch,TP,"[('Burger', 5), ('Chicken', 7), ('Salad', 7), ('Steak', 3)]",634.4,-37.8019853,144.9713861,0,9.866,13.1227696
ORDB00108,2018-02-28,09:51:32,Breakfast,TP,"[('Pancake', 5), ('Cereal', 5), ('Coffee', 2), ('Eggs', 10)]",461.25,-37.8204506,144.998821,0,10.519,12.6049043
ORDY09697,2018-07-04,14:05:04,Lunch,TP,"[('Burger', 7), ('Chicken', 6), ('Steak', 9), ('Salad', 2)]",848.4,-37.8218293,144.9522232,0,8.449,12.1517356
ORDJ10517,2018-06-09,13:14:21,Lunch,TP,"[('Steak', 4), ('Fries', 3), ('Chicken', 3), ('Burger', 7)]",529.0,-37.7998391,144.9265225,0,11.764,16.0627496
ORDC09956,2018-03-07,10:01:41,Breakfast,NS,"[('Pancake', 9), ('Cereal', 10), ('Coffee', 1), ('Eggs', 6)]",567.75,-37.8051575,144.9682948,0,6.707,11.7937379
ORDB06158,2018-10-01,16:57:27,Dinner,TP,"[('Fish&Chips', 6), ('Salmon', 5)]",415.0,-37.7989183,144.9441439,0,10.786,14.6367595
ORDI01895,2018-11-18,18:38:52,Dinner,NS,"[('Salmon', 4), ('Pasta', 8), ('Fish&Chips', 5), ('Shrimp', 7)]",937.0,-37.8226651,145.0152877,0,11.783,19.6902224
ORDK05045,2018-03-28,10:52:23,Breakfast,BK,"[('Eggs', 10), ('Coffee', 9)]",287.5,-37.8053892,144.9255009,0,11.16,16.1326833
ORDY02567,2018-12-07,19:19:26,Dinner,TP,"[('Pasta', 1), ('Salmon', 3)]",150.5,-37.8108364,144.988188,0,9.877,13.9976396
ORDX03986,2018-11-03,18:08:27,Dinner,BK,"[('Pasta', 9), ('Shrimp', 3), ('Fish&Chips', 10)]",759.5,-37.8101255,144.9960895,0,4.481,13.6802416
ORDC04729,2018-10-14,17:27:53,Dinner,NS,"[('Pasta', 7), ('Salmon', 4), ('Fish&Chips', 3), ('Shrimp', 3)]",623.5,-37.8149493,144.9645132,0,8.112,16.3645946
ORDC10381,2018-03-15,10:21:58,Breakfast,NS,"[('Coffee', 5), ('Cereal', 3), ('Eggs', 3)]",166.5,-37.8034982,144.9486654,0,8.425,13.3017764
ORDC02707,2018-09-27,16:57:27,Dinner,NS,"[('Fish&Chips', 2), ('Pasta', 3), ('Salmon', 4)]",316.5,-37.8083253,144.9434194,0,9.237,23.50682145
ORDX00091,2018-10-30,17:58:18,Dinner,BK,"[('Pasta', 3), ('Fish&Chips', 3), ('Salmon', 3)]",310.5,-37.8216454,144.9944913,0,5.661,11.9582622
ORDY08168,2018-09-05,16:06:45,Dinner,TP,"[('Fish&Chips', 4), ('Salmon', 5), ('Pasta', 9), ('Shrimp', 10)]",1132.5,-37.8152251,144.927562,0,11.757,15.5521697
ORDI03792,2018-09-14,16:27:02,Dinner,NS,"[('Salmon', 6), ('Fish&Chips', 4), ('Pasta', 1)]",413.5,-37.7999943,144.9545339,0,7.561,13.7029721
ORDI07779,2018-02-11,09:21:07,Breakfast,NS,"[('Eggs', 8), ('Pancake', 2)]",224.5,-37.8160461,144.9722204,0,7.902,14.8608318
ORDI02884,2018-09-07,16:16:54,Dinner,NS,"[('Salmon', 10), ('Pasta', 4)]",520.0,-37.8215333,144.9779585,0,8.846,15.0558007
ORDC08673,2018-09-26,16:47:19,Dinner,NS,"[('Shrimp', 8), ('Fish&Chips', 5)]",607.0,-37.8209904,144.9552987,0,9.399,15.2696249
ORDK06659,2018-02-11,09:21:07,Breakfast,BK,"[('Cereal', 1), ('Eggs', 10), ('Pancake', 5)]",362.25,-37.810201,144.9695499,0,6.974,21.9438798
ORDX03428,2018-04-30,11:53:14,Breakfast,BK,"[('Cereal', 5), ('Coffee', 5), ('Pancake', 2), ('Eggs', 6)]",323.0,-37.815528,144.9635641,0,7.94,12.2932325
ORDZ03600,2018-11-10,18:18:35,Dinner,NS,"[('Salmon', 6), ('Shrimp', 9)]",732.0,-37.8171934,144.9567295,0,8.794,16.6202238
ORDJ06560,2018-07-11,14:15:12,Lunch,TP,"[('Salad', 5), ('Burger', 4), ('Steak', 8)]",570.0,-37.8180792,144.9946677,0,10.109,14.0042971
ORDY02676,2018-12-21,19:39:43,Dinner,TP,"[('Pasta', 7), ('Fish&Chips', 4), ('Salmon', 8)]",660.5,-37.8150056,144.932818,0,11.107,14.8636458
ORDC10572,2018-01-24,08:40:33,Breakfast,NS,"[('Coffee', 7), ('Eggs', 2), ('Cereal', 5)]",201.5,-37.825214,144.976015,0,9.305,13.9711291
ORDJ05169,2018-04-27,11:53:14,Breakfast,TP,"[('Pancake', 2), ('Coffee', 8), ('Eggs', 6), ('Cereal', 8)]",408.5,-37.8233885,144.9680947,0,7.893,10.7820675
ORDB00395,2018-08-08,15:16:03,Lunch,TP,"[('Salad', 7), ('Steak', 5)]",345.4,-37.8010339,144.9631536,0,9.707,13.0296237
ORDB07386,2018-01-14,08:20:16,Breakfast,TP,"[('Cereal', 7), ('Coffee', 8)]",207.0,-37.8179153,144.9484878,1,9.054,6.9314047
ORDI03188,2018-12-08,19:19:26,Dinner,NS,"[('Pasta', 2), ('Salmon', 8), ('Fish&Chips', 4), ('Shrimp', 7)]",901.0,-37.8208592,144.9481191,0,9.767,18.1744963
ORDJ00256,2018-05-05,12:03:22,Lunch,TP,"[('Chicken', 6), ('Salad', 2), ('Steak', 8), ('Fries', 10)]",706.4,-37.8140574,144.9481379,0,9.526,14.4961857
ORDX04313,2018-06-18,13:34:38,Lunch,BK,"[('Steak', 3), ('Fries', 1), ('Chicken', 4), ('Burger', 1), ('Salad', 5)]",392.0,-37.8190906,144.9756577,0,7.499,13.4627454
ORDJ08675,2018-07-27,14:45:38,Lunch,TP,"[('Fries', 5), ('Burger', 3), ('Steak', 4)]",333.0,-37.8104509,144.9834662,0,9.49,12.506329
ORDY05824,2018-02-24,09:41:24,Breakfast,TP,"[('Eggs', 5), ('Coffee', 4), ('Pancake', 9)]",358.25,-37.81304,144.9904018,0,10.073,14.1303834
ORDK06770,2018-02-24,09:41:24,Breakfast,BK,"[('Cereal', 8), ('Eggs', 2)]",212.0,-37.8163473,144.9509305,0,9.775,17.1518503
ORDK03548,2018-11-20,18:38:52,Dinner,BK,"[('Pasta', 3), ('Salmon', 7)]",369.5,-37.8263024,145.0186793,0,5.247,12.3176397
ORDC09562,2018-10-23,17:48:10,Dinner,NS,"[('Pasta', 1), ('Salmon', 6), ('Fish&Chips', 1), ('Shrimp', 4)]",524.5,-37.8082426,144.9481888,0,8.825,15.1207023
ORDX05723,2018-05-13,12:23:39,Lunch,BK,"[('Chicken', 10), ('Salad', 6), ('Steak', 5), ('Fries', 6)]",720.2,-37.8042876,144.9602094,0,7.826,24.37252995
ORDK07596,2018-04-28,11:53:14,Breakfast,BK,"[('Eggs', 7), ('Coffee', 8), ('Cereal', 2)]",256.0,-37.8230646,144.968504,0,8.079,15.9137052
ORDA08184,2018-10-12,17:27:53,Dinner,BK,"[('Pasta', 4), ('Salmon', 1), ('Shrimp', 2)]",259.0,-37.8180087,144.9668486,0,7.529,14.8801212
ORDI10763,2018-03-05,10:01:41,Breakfast,NS,"[('Pancake', 2), ('Coffee', 2), ('Cereal', 1)]",84.5,-37.8163155,144.9511666,0,10.04,14.9200895
ORDB07956,2018-01-08,08:10:08,Breakfast,TP,"[('Coffee', 2), ('Cereal', 4), ('Eggs', 3)]",165.0,-37.8161613,144.9390294,1,10.284,3.56804495
ORDI03709,2018-06-08,13:14:21,Lunch,NS,"[('Fries', 1), ('Salad', 10)]",184.0,-37.804626,144.9513393,0,8.287,13.892705
ORDY02555,2018-04-22,11:32:57,Breakfast,TP,"[('Coffee', 10), ('Cereal', 9), ('Eggs', 8)]",440.0,-37.8191217,144.9522994,0,8.611,13.1671228
ORDJ08123,2018-11-28,18:59:09,Dinner,TP,"[('Salmon', 4), ('Shrimp', 6), ('Fish&Chips', 4)]",628.0,-37.8211073,144.9654739,0,7.371,12.0605834
ORDZ04320,2018-05-22,12:33:48,Lunch,NS,"[('Chicken', 10), ('Burger', 10), ('Salad', 10)]",802.0,-37.8254721,144.9531489,0,9.961,15.9634391
ORDC01370,2018-06-18,13:34:38,Lunch,NS,"[('Fries', 7), ('Steak', 7)]",399.0,-37.8227308,145.0153099,0,11.765,17.5706627
ORDB05225,2018-12-27,20:00:00,Dinner,TP,"[('Fish&Chips', 5), ('Shrimp', 8), ('Salmon', 6)]",853.0,-37.8156084,144.9357637,0,10.547,14.6101818
ORDK01963,2018-01-01,08:00:00,Breakfast,BK,"[('Coffee', 6), ('Cereal', 8), ('Eggs', 7)]",367.0,-37.8070943,144.9559785,1,8.242,6.2742214
ORDI08728,2018-12-20,19:39:43,Dinner,NS,"[('Pasta', 9), ('Fish&Chips', 2), ('Salmon', 10)]",727.5,-37.8093528,144.9458259,0,9.004,14.98199
ORDK04244,2018-09-27,16:57:27,Dinner,BK,"[('Salmon', 2), ('Fish&Chips', 3), ('Shrimp', 7)]",565.0,-37.8077584,144.9436271,0,9.356,16.1606495
ORDX03769,2018-01-29,08:50:42,Breakfast,BK,"[('Pancake', 10), ('Eggs', 10), ('Coffee', 5)]",500.0,-37.8109297,145.0153861,0,3.627,7.9480727
ORDA04063,2018-07-07,14:15:12,Lunch,BK,"[('Chicken', 2), ('Fries', 5), ('Steak', 10), ('Salad', 9), ('Burger', 8)]",976.8,-37.8092376,145.0129581,0,3.791,5.8794083
ORDC05013,2018-04-24,11:43:05,Breakfast,NS,"[('Eggs', 4), ('Coffee', 7)]",140.5,-37.8014087,145.0020552,0,9.227,14.130603
ORDX05106,2018-03-13,10:21:58,Breakfast,BK,"[('Pancake', 9), ('Coffee', 3)]",240.75,-37.8238359,144.9814255,0,6.971,11.9541521
ORDY00672,2018-03-04,10:01:41,Breakfast,TP,"[('Coffee', 2), ('Eggs', 7), ('Pancake', 6)]",314.5,-37.8236483,144.940564,0,9.493,13.3683607
ORDB01262,2018-12-28,20:00:00,Dinner,TP,"[('Salmon', 4), ('Fish&Chips', 8), ('Shrimp', 2), ('Pasta', 9)]",799.5,-37.7973074,145.0090702,0,12.946,16.7550221
ORDK02900,2018-05-23,12:43:56,Lunch,BK,"[('Burger', 7), ('Steak', 10), ('Salad', 10)]",839.0,-37.8150449,144.9886685,0,5.638,11.1807187
ORDA01562,2018-10-29,17:58:18,Dinner,BK,"[('Salmon', 6), ('Pasta', 6)]",411.0,-37.800964,144.9909789,0,6.714,13.0421746
ORDJ04171,2018-11-01,18:08:27,Dinner,TP,"[('Pasta', 6), ('Fish&Chips', 1)]",200.0,-37.8253837,144.9815371,0,8.999,6.68231475
ORDB02346,2018-04-28,11:53:14,Breakfast,TP,"[('Coffee', 9), ('Cereal', 10), ('Eggs', 3)]",343.5,-37.8235004,144.9690153,0,7.972,12.0904834
ORDJ07414,2018-12-31,20:00:00,Dinner,TP,"[('Fish&Chips', 10), ('Pasta', 2), ('Shrimp', 3), ('Salmon', 2)]",649.0,-37.8052862,145.0053315,0,12.011,15.7683381
ORDX08183,2018-12-20,19:39:43,Dinner,BK,"[('Salmon', 10), ('Pasta', 2), ('Shrimp', 7)]",843.0,-37.8097809,144.9481965,0,8.947,15.6160311
ORDY02349,2018-03-05,10:01:41,Breakfast,TP,"[('Cereal', 2), ('Pancake', 1)]",66.25,-37.8210294,145.0008476,0,10.668,13.0932735
ORDI07273,2018-06-12,13:24:30,Lunch,NS,"[('Salad', 2), ('Burger', 7), ('Steak', 10), ('Chicken', 5), ('Fries', 7)]",945.4,-37.8023258,144.9578716,0,7.47,12.9180702
ORDB07616,2018-09-28,16:57:27,Dinner,TP,"[('Fish&Chips', 1), ('Salmon', 10), ('Shrimp', 10)]",985.0,-37.8092723,144.9457444,0,9.806,14.0637548
ORDJ07742,2018-04-27,11:53:14,Breakfast,TP,"[('Pancake', 10), ('Coffee', 1), ('Eggs', 2), ('Cereal', 1)]",315.0,-37.811034,144.9649253,0,8.487,11.0873135
ORDB01661,2018-04-26,11:43:05,Breakfast,TP,"[('Pancake', 1), ('Coffee', 9)]",91.75,-37.8190856,144.9528457,0,8.57,11.0652225
ORDJ00022,2018-07-31,14:55:46,Lunch,TP,"[('Steak', 8), ('Salad', 5), ('Fries', 1), ('Chicken', 1)]",490.0,-37.8232307,144.9558116,0,8.046,11.7097134
ORDY04183,2018-02-27,09:51:32,Breakfast,TP,"[('Coffee', 3), ('Eggs', 1)]",44.5,-37.8105086,144.9656708,0,8.618,11.7863725
ORDJ05253,2018-08-18,15:36:20,Lunch,TP,"[('Salad', 5), ('Fries', 8), ('Chicken', 9), ('Burger', 9), ('Steak', 7)]",1064.0,-37.813288,145.0104152,0,12.058,16.2278921
ORDX04693,2018-11-20,18:38:52,Dinner,BK,"[('Salmon', 4), ('Fish&Chips', 1)]",199.0,-37.8197918,145.0149028,0,4.378,11.0298393
ORDI01729,2018-05-11,12:13:31,Lunch,NS,"[('Fries', 1), ('Chicken', 3), ('Burger', 10), ('Steak', 7)]",733.0,-37.8105541,145.0047871,0,9.897,15.4992319
ORDB05820,2018-02-24,09:41:24,Breakfast,TP,"[('Pancake', 5), ('Eggs', 1), ('Cereal', 9)]",332.25,-37.8003874,145.0057105,0,12.393,16.25225
ORDC05399,2018-12-29,20:00:00,Dinner,NS,"[('Pasta', 1), ('Salmon', 8)]",355.5,-37.8162882,144.9372753,0,10.024,18.1767417
ORDJ02620,2018-01-01,08:00:00,Breakfast,TP,"[('Pancake', 1), ('Eggs', 6)]",156.25,-37.7992717,144.9772228,1,10.242,6.4522291
ORDJ05543,2018-08-03,15:05:54,Lunch,TP,"[('Steak', 9), ('Burger', 8), ('Chicken', 2)]",717.0,-37.8194059,144.9714696,0,7.561,11.2749695
ORDB07107,2018-08-06,15:05:54,Lunch,TP,"[('Chicken', 10), ('Steak', 2)]",410.0,-37.8072432,144.9687506,0,9.184,12.3193883
ORDY09538,2018-05-20,12:33:48,Lunch,TP,"[('Fries', 8), ('Steak', 10), ('Burger', 9)]",825.0,-37.8099889,144.9953274,0,10.625,15.5711322
ORDZ06237,2018-11-10,18:18:35,Dinner,NS,"[('Shrimp', 3), ('Pasta', 6), ('Salmon', 8), ('Fish&Chips', 9)]",970.0,-37.8131932,144.9364189,0,10.389,18.1345084
ORDB06554,2018-02-13,09:21:07,Breakfast,TP,"[('Cereal', 7), ('Coffee', 9), ('Pancake', 7)]",384.25,-37.8249166,144.9920157,0,9.759,12.6875633
ORDK04716,2018-10-13,17:27:53,Dinner,BK,"[('Fish&Chips', 10), ('Salmon', 10), ('Pasta', 1), ('Shrimp', 6)]",1111.5,-37.7993323,144.9837031,0,6.736,16.008953
ORDI05563,2018-06-20,13:34:38,Lunch,NS,"[('Salad', 1), ('Burger', 7)]",234.2,-37.808915,145.0102942,0,10.167,15.7684612
ORDB07767,2018-03-05,10:01:41,Breakfast,TP,"[('Eggs', 7), ('Cereal', 1)]",175.0,-37.8216979,144.951984,0,8.488,11.6095654
ORDY01449,2018-06-05,13:04:13,Lunch,TP,"[('Salad', 1), ('Steak', 2)]",107.2,-37.8080709,144.9519654,0,9.301,12.5930824
ORDY07293,2018-12-10,19:19:26,Dinner,TP,"[('Shrimp', 5), ('Salmon', 2), ('Pasta', 8)]",572.0,-37.8120673,144.9381956,0,10.817,14.4348678
ORDK05416,2018-06-24,13:44:47,Lunch,BK,"[('Chicken', 2), ('Fries', 5)]",124.0,-37.8260405,144.983526,0,6.946,15.1029045
ORDB08113,2018-11-28,18:59:09,Dinner,TP,"[('Salmon', 9), ('Shrimp', 3), ('Pasta', 2)]",586.0,-37.812911,144.9282021,0,11.641,15.5542002
ORDC05890,2018-08-31,15:56:37,Lunch,NS,"[('Fries', 4), ('Burger', 9), ('Chicken', 6)]",519.0,-37.8019364,144.9581536,0,7.386,13.0085846
ORDK03383,2018-07-10,14:15:12,Lunch,BK,"[('Fries', 9), ('Chicken', 2), ('Salad', 10)]",344.0,-37.8246994,144.9848133,0,6.833,13.084261
ORDJ08722,2018-01-09,08:10:08,Breakfast,TP,"[('Pancake', 7), ('Coffee', 2)]",184.75,-37.8145621,144.9382235,1,10.304,6.2686151
ORDY02448,2018-04-05,11:02:32,Breakfast,TP,"[('Coffee', 1), ('Pancake', 8), ('Cereal', 4)]",285.5,-37.8019718,144.9939704,0,11.272,13.4915114
ORDY06610,2018-05-10,12:13:31,Lunch,TP,"[('Steak', 4), ('Burger', 8)]",428.0,-37.8019877,144.9637723,0,9.531,13.060897
ORDC10392,2018-03-29,10:52:23,Breakfast,NS,"[('Eggs', 4), ('Cereal', 9)]",277.0,-37.8066047,144.9593586,0,7.739,6.53164145
ORDI07184,2018-11-21,18:38:52,Dinner,NS,"[('Pasta', 3), ('Fish&Chips', 6), ('Shrimp', 6), ('Salmon', 1)]",657.5,-37.8075895,144.980448,0,7.593,13.6766025
ORDC00054,2018-06-10,13:14:21,Lunch,NS,"[('Chicken', 5), ('Fries', 9), ('Steak', 9)]",673.0,-37.8209705,144.9849661,0,9.235,16.3298343
ORDX03979,2018-06-13,13:24:30,Lunch,BK,"[('Chicken', 6), ('Burger', 3), ('Steak', 8), ('Fries', 2), ('Salad', 3)]",720.6,-37.8243262,144.9554548,0,9.438,15.1293447
ORDJ07553,2018-08-19,15:36:20,Lunch,TP,"[('Steak', 3), ('Fries', 7), ('Salad', 7), ('Burger', 8)]",587.4,-37.8150466,144.960811,0,8.21,13.2702435
ORDK07226,2018-09-11,16:27:02,Dinner,BK,"[('Salmon', 1), ('Shrimp', 2), ('Pasta', 3)]",231.5,-37.8085022,144.9680061,0,7.003,14.1117695
ORDX01343,2018-11-17,18:38:52,Dinner,BK,"[('Fish&Chips', 3), ('Shrimp', 9)]",591.0,-37.799771,144.9750334,0,7.251,8.4881743
ORDC00733,2018-05-02,11:53:14,Breakfast,NS,"[('Coffee', 8), ('Eggs', 6)]",192.0,-37.8086478,144.9529789,0,8.501,13.2179264
ORDB00536,2018-04-15,11:22:49,Breakfast,TP,"[('Eggs', 8), ('Coffee', 6)]",221.0,-37.8070706,144.9712662,0,9.379,13.0136223
ORDI07812,2018-12-06,19:09:17,Dinner,NS,"[('Salmon', 7), ('Pasta', 8), ('Shrimp', 2), ('Fish&Chips', 10)]",965.0,-37.8156738,144.9663184,0,8.119,14.4764692
ORDJ02460,2018-06-12,13:24:30,Lunch,TP,"[('Chicken', 8), ('Salad', 6), ('Fries', 8), ('Burger', 8), ('Steak', 1)]",748.2,-37.8164233,144.9447928,0,9.935,13.406354
ORDC00440,2018-08-15,15:26:11,Lunch,NS,"[('Burger', 1), ('Steak', 10)]",481.0,-37.8092956,144.9863171,0,8.22,13.6807119
ORDI03860,2018-09-26,16:47:19,Dinner,NS,"[('Fish&Chips', 5), ('Salmon', 4)]",339.0,-37.8103324,144.9496246,0,8.667,15.1811594
ORDA08032,2018-11-23,18:49:00,Dinner,BK,"[('Salmon', 9), ('Pasta', 7), ('Fish&Chips', 10)]",911.5,-37.8189685,144.9849984,0,6.208,13.540837
ORDJ02774,2018-07-23,14:45:38,Lunch,TP,"[('Fries', 1), ('Salad', 3)]",63.6,-37.8262362,145.008968,0,11.622,14.8061664
ORDI08877,2018-08-30,15:56:37,Lunch,NS,"[('Steak', 8), ('Salad', 2), ('Burger', 10), ('Chicken', 6)]",896.4,-37.8077887,144.9397208,0,10.184,15.8746492
ORDC02234,2018-07-21,14:35:29,Lunch,NS,"[('Fries', 5), ('Burger', 5)]",215.0,-37.8211643,145.0140761,0,11.465,19.055917
ORDX00871,2018-07-25,14:45:38,Lunch,BK,"[('Chicken', 2), ('Salad', 6), ('Burger', 10)]",477.2,-37.8117481,144.9565163,0,8.076,14.2685258
ORDI05542,2018-06-26,13:44:47,Lunch,NS,"[('Steak', 2), ('Chicken', 8)]",346.0,-37.8256873,144.9845548,0,9.55,15.0467783
ORDY05384,2018-10-29,17:58:18,Dinner,TP,"[('Salmon', 1), ('Fish&Chips', 8), ('Pasta', 2), ('Shrimp', 2)]",484.0,-37.8239154,144.9299158,0,10.513,14.2547141
ORDC02346,2018-01-08,08:10:08,Breakfast,NS,"[('Coffee', 4), ('Cereal', 9)]",219.0,-37.8179472,144.9799201,1,8.586,6.2514025
ORDY02400,2018-11-11,18:28:43,Dinner,TP,"[('Fish&Chips', 5), ('Pasta', 5), ('Salmon', 8), ('Shrimp', 4)]",856.5,-37.8028836,144.966495,0,9.538,14.9775455
ORDY04542,2018-10-04,17:07:36,Dinner,TP,"[('Salmon', 5), ('Pasta', 1)]",232.5,-37.8137444,144.9876194,0,9.734,13.6673998
ORDJ06631,2018-08-24,15:46:28,Lunch,TP,"[('Steak', 2), ('Salad', 1), ('Fries', 5), ('Burger', 5)]",322.2,-37.8201602,144.9508446,0,8.696,11.8861087
ORDK06601,2018-08-26,15:46:28,Lunch,BK,"[('Salad', 5), ('Chicken', 10), ('Burger', 6)]",592.0,-37.8134973,144.937773,0,10.254,19.0420581
ORDK02124,2018-07-08,14:15:12,Lunch,BK,"[('Fries', 3), ('Salad', 4)]",104.8,-37.8246626,145.0012924,0,5.317,20.94635775
ORDX05402,2018-04-17,11:32:57,Breakfast,BK,"[('Coffee', 6), ('Cereal', 7)]",192.0,-37.8136622,144.9742548,0,6.787,11.649137
ORDZ08895,2018-09-20,16:37:10,Dinner,NS,"[('Fish&Chips', 3), ('Salmon', 10), ('Shrimp', 2)]",623.0,-37.8248285,144.9296955,0,9.526,15.6536477
ORDA09452,2018-11-06,18:18:35,Dinner,BK,"[('Fish&Chips', 5), ('Salmon', 5), ('Shrimp', 4), ('Pasta', 7)]",788.5,-37.8122652,144.9621012,0,7.67,15.0584249
ORDB07247,2018-12-01,19:09:17,Dinner,TP,"[('Fish&Chips', 1), ('Pasta', 2)]",90.0,-37.8154612,144.9387959,0,10.318,15.8343504
ORDK02211,2018-02-18,09:31:16,Breakfast,BK,"[('Eggs', 1), ('Coffee', 4)]",52.0,-37.8073592,144.9837695,0,5.775,12.7450085
ORDZ03155,2018-12-18,19:39:43,Dinner,NS,"[('Fish&Chips', 2), ('Salmon', 6), ('Shrimp', 1), ('Pasta', 8)]",590.0,-37.8084858,144.9467792,0,8.886,14.485426
ORDC00495,2018-03-17,10:21:58,Breakfast,NS,"[('Pancake', 9), ('Coffee', 5), ('Cereal', 2)]",297.75,-37.8084612,144.9715366,0,7.079,13.8696966
ORDI03001,2018-08-31,15:56:37,Lunch,NS,"[('Fries', 7), ('Salad', 1), ('Steak', 7), ('Burger', 10), ('Chicken', 10)]",1046.2,-37.8041766,144.959177,0,7.466,18.9348192
ORDB07659,2018-08-19,15:36:20,Lunch,TP,"[('Chicken', 7), ('Steak', 2), ('Salad', 2), ('Burger', 1)]",379.4,-37.8157564,144.9583646,0,8.162,6.6642121
ORDA09237,2018-07-12,14:25:21,Lunch,BK,"[('Burger', 4), ('Salad', 9), ('Chicken', 3)]",374.8,-37.8174842,145.0054383,0,4.242,9.8490743
ORDB07686,2018-11-04,18:08:27,Dinner,TP,"[('Fish&Chips', 2), ('Salmon', 6)]",316.0,-37.818868,144.9522176,0,8.636,13.8203383
ORDI07990,2018-08-10,15:16:03,Lunch,NS,"[('Chicken', 10), ('Fries', 5), ('Steak', 5), ('Salad', 3)]",656.6,-37.8120017,144.9478347,0,10.708,16.203633
ORDZ03160,2018-07-20,14:35:29,Lunch,NS,"[('Salad', 1), ('Burger', 8), ('Steak', 3), ('Fries', 5), ('Chicken', 8)]",716.2,-37.8221771,144.9477447,0,9.947,15.5524654
ORDK02736,2018-12-07,19:19:26,Dinner,BK,"[('Pasta', 6), ('Salmon', 8), ('Fish&Chips', 1), ('Shrimp', 3)]",690.0,-37.8133765,144.971656,0,7.059,14.1867093
ORDB07021,2018-08-18,15:36:20,Lunch,TP,"[('Chicken', 1), ('Fries', 7)]",116.0,-37.8104777,145.0032768,0,11.341,15.8154645
ORDA06571,2018-07-20,14:35:29,Lunch,BK,"[('Burger', 9), ('Chicken', 5), ('Steak', 2), ('Fries', 10)]",649.0,-37.8191541,144.9541094,0,8.701,14.7714203
ORDY09870,2018-07-15,14:25:21,Lunch,TP,"[('Steak', 4), ('Fries', 3), ('Chicken', 9), ('Burger', 8)]",752.0,-37.8048339,144.9661502,0,9.317,14.1373487
ORDY06481,2018-01-12,08:20:16,Breakfast,TP,"[('Coffee', 4), ('Pancake', 7), ('Eggs', 3), ('Cereal', 5)]",370.75,-37.8073317,144.9574524,1,9.174,5.8465713
ORDZ05381,2018-09-27,16:57:27,Dinner,NS,"[('Salmon', 8), ('Shrimp', 7), ('Fish&Chips', 2), ('Pasta', 1)]",803.5,-37.8029033,144.945419,0,8.641,14.1198424
ORDX02210,2018-01-30,08:50:42,Breakfast,BK,"[('Coffee', 5), ('Eggs', 2), ('Cereal', 7), ('Pancake', 4)]",325.5,-37.8068509,144.9746571,0,6.709,11.3031843
ORDI01508,2018-04-08,11:12:40,Breakfast,NS,"[('Cereal', 3), ('Eggs', 2)]",107.0,-37.7995245,144.950772,0,8.127,14.9106851
ORDI07913,2018-04-02,11:02:32,Breakfast,NS,"[('Eggs', 6), ('Pancake', 9)]",350.25,-37.8152875,144.9522542,0,8.786,13.5851459
ORDJ08625,2018-01-12,08:20:16,Breakfast,TP,"[('Coffee', 3), ('Cereal', 6)]",148.5,-37.8161748,144.9826365,1,9.122,5.5982223
ORDB04988,2018-12-24,19:49:51,Dinner,TP,"[('Pasta', 10), ('Shrimp', 4), ('Fish&Chips', 7), ('Salmon', 7)]",1023.0,-37.8019112,144.9578642,0,9.497,13.2940631
ORDZ00060,2018-09-01,16:06:45,Dinner,NS,"[('Fish&Chips', 5), ('Shrimp', 10), ('Pasta', 9)]",962.5,-37.8170357,144.9536234,0,8.94,16.4358952
ORDI10366,2018-02-07,09:10:59,Breakfast,NS,"[('Cereal', 2), ('Pancake', 4), ('Eggs', 3)]",205.0,-37.8244161,144.9891642,0,9.659,15.174094
ORDY05499,2018-09-17,16:37:10,Dinner,TP,"[('Fish&Chips', 4), ('Shrimp', 2)]",248.0,-37.8196254,145.0082226,0,11.327,15.4728404
ORDA06136,2018-10-31,17:58:18,Dinner,BK,"[('Pasta', 1), ('Shrimp', 7), ('Salmon', 4)]",569.5,-37.8132601,144.9447895,0,9.276,16.3921075
ORDC10795,2018-12-04,19:09:17,Dinner,NS,"[('Shrimp', 9), ('Pasta', 9), ('Salmon', 8)]",1061.5,-37.8056237,144.9331705,0,10.248,16.6008041
ORDX04080,2018-07-26,14:45:38,Lunch,BK,"[('Salad', 1), ('Chicken', 3), ('Burger', 4)]",237.2,-37.8041703,144.9676175,0,7.368,12.9978933
ORDZ08058,2018-06-16,13:24:30,Lunch,NS,"[('Burger', 6), ('Salad', 10), ('Fries', 4), ('Steak', 3), ('Chicken', 5)]",701.0,-37.822442,144.9846368,0,9.071,16.0095239
ORDY06063,2018-05-01,11:53:14,Breakfast,TP,"[('Eggs', 5), ('Pancake', 4)]",207.0,-37.8090588,144.9499813,0,9.462,12.2730614
ORDC01831,2018-03-11,10:11:49,Breakfast,NS,"[('Pancake', 10), ('Coffee', 6), ('Cereal', 9), ('Eggs', 1)]",498.5,-37.810542,144.9808894,0,7.964,15.1544601
ORDA09495,2018-11-18,18:38:52,Dinner,BK,"[('Pasta', 9), ('Shrimp', 9), ('Salmon', 5), ('Fish&Chips', 9)]",1253.5,-37.8038037,145.0108462,0,4.163,12.9645453
ORDJ09660,2018-01-03,08:00:00,Breakfast,TP,"[('Coffee', 7), ('Eggs', 6), ('Pancake', 5), ('Cereal', 4)]",389.75,-37.8134275,144.9410974,1,10.018,6.2821283
ORDZ01094,2018-01-19,08:30:25,Breakfast,NS,"[('Coffee', 3), ('Pancake', 8), ('Cereal', 8), ('Eggs', 7)]",538.5,-37.805573,144.9534896,0,8.166,13.2068697
ORDA05775,2018-08-10,15:16:03,Lunch,BK,"[('Chicken', 2), ('Salad', 6), ('Fries', 9), ('Steak', 10), ('Burger', 2)]",787.2,-37.8139844,144.9835993,0,5.963,11.4215002
ORDI04188,2018-11-10,18:18:35,Dinner,NS,"[('Fish&Chips', 1), ('Salmon', 4), ('Shrimp', 7), ('Pasta', 3)]",659.5,-37.8193779,145.0065013,0,10.708,18.6062708
ORDK08556,2018-12-07,19:19:26,Dinner,BK,"[('Pasta', 4), ('Fish&Chips', 7), ('Salmon', 5)]",560.0,-37.8175235,144.9576945,0,8.394,15.4440603
ORDK02067,2018-07-24,14:45:38,Lunch,BK,"[('Salad', 6), ('Burger', 6), ('Chicken', 1), ('Fries', 9)]",429.2,-37.8039603,144.9499152,0,8.848,7.44028805
ORDJ02239,2018-01-05,08:00:00,Breakfast,TP,"[('Coffee', 10), ('Pancake', 4)]",172.0,-37.8142368,144.9372396,1,10.763,6.9861072
ORDX06876,2018-01-08,08:10:08,Breakfast,BK,"[('Pancake', 5), ('Eggs', 6), ('Cereal', 1), ('Coffee', 9)]",341.75,-37.8147732,144.9574037,1,8.21,6.0753166
ORDY04408,2018-12-29,20:00:00,Dinner,TP,"[('Shrimp', 3), ('Fish&Chips', 5), ('Pasta', 6), ('Salmon', 7)]",789.0,-37.8159589,144.9380844,0,10.335,24.10783395
ORDC06115,2018-11-14,18:28:43,Dinner,NS,"[('Shrimp', 8), ('Salmon', 8), ('Pasta', 9), ('Fish&Chips', 4)]",1147.5,-37.819873,144.9850654,0,9.108,15.008291
ORDZ09051,2018-05-11,12:13:31,Lunch,NS,"[('Chicken', 1), ('Salad', 4), ('Burger', 9)]",379.8,-37.8244101,144.955135,0,10.344,15.6988712
ORDB07066,2018-05-28,12:54:05,Lunch,TP,"[('Chicken', 7), ('Steak', 9), ('Salad', 1), ('Burger', 1)]",677.2,-37.8075547,144.9502989,0,9.471,12.8248041
ORDC00254,2018-10-17,17:38:01,Dinner,NS,"[('Shrimp', 2), ('Salmon', 8), ('Fish&Chips', 4), ('Pasta', 2)]",631.0,-37.8031607,144.9500698,0,8.23,14.276897
ORDI04243,2018-02-17,09:31:16,Breakfast,NS,"[('Coffee', 4), ('Cereal', 6), ('Eggs', 7), ('Pancake', 1)]",334.25,-37.8252921,144.9821561,0,9.325,17.0748738
ORDZ05650,2018-07-29,14:55:46,Lunch,NS,"[('Chicken', 7), ('Burger', 6)]",410.0,-37.8214145,144.9503213,0,9.774,17.0255392
ORDI07199,2018-11-14,18:28:43,Dinner,NS,"[('Pasta', 1), ('Shrimp', 6), ('Salmon', 10)]",761.5,-37.8223955,144.9474232,0,9.996,15.9599874
ORDA04431,2018-01-24,08:40:33,Breakfast,BK,"[('Eggs', 10), ('Coffee', 1), ('Pancake', 2)]",276.0,-37.8273797,145.0136202,0,5.305,5.14078025
ORDA01298,2018-08-23,15:46:28,Lunch,BK,"[('Burger', 8), ('Fries', 2), ('Chicken', 8), ('Salad', 9), ('Steak', 8)]",1042.8,-37.8201628,144.9686638,0,7.694,13.9597075
ORDY06813,2018-06-05,13:04:13,Lunch,TP,"[('Steak', 5), ('Chicken', 1), ('Fries', 7), ('Salad', 6)]",444.2,-37.8032271,144.9506548,0,9.922,13.8114789
ORDI04098,2018-03-02,09:51:32,Breakfast,NS,"[('Eggs', 7), ('Cereal', 1)]",175.0,-37.819805,145.0117049,0,11.172,16.3689289
ORDZ08957,2018-08-19,15:36:20,Lunch,NS,"[('Chicken', 4), ('Fries', 3), ('Salad', 9), ('Burger', 6)]",504.8,-37.8051269,144.984554,0,7.726,15.8838439
ORDA01948,2018-12-16,19:29:34,Dinner,BK,"[('Shrimp', 2), ('Fish&Chips', 5), ('Pasta', 9), ('Salmon', 10)]",940.5,-37.8244809,144.9453486,0,9.732,19.4513535
ORDK01568,2018-06-17,13:34:38,Lunch,BK,"[('Steak', 8), ('Fries', 4)]",408.0,-37.8073495,144.9688889,0,6.899,15.023406
ORDZ00073,2018-03-20,10:32:06,Breakfast,NS,"[('Pancake', 10), ('Cereal', 6)]",368.5,-37.8110229,144.9590535,0,7.873,12.4780354
ORDA05216,2018-12-05,19:09:17,Dinner,BK,"[('Fish&Chips', 10), ('Shrimp', 9)]",836.0,-37.8019828,144.9596349,0,8.104,15.2544113
ORDA00855,2018-07-20,14:35:29,Lunch,BK,"[('Fries', 4), ('Chicken', 4), ('Steak', 7), ('Burger', 1)]",522.0,-37.8161002,144.9528211,0,8.646,14.5933666
ORDA02894,2018-07-27,14:45:38,Lunch,BK,"[('Chicken', 1), ('Salad', 9), ('Burger', 10), ('Steak', 7)]",811.8,-37.8015996,144.9843406,0,6.468,11.990255
ORDJ00399,2018-11-05,18:08:27,Dinner,TP,"[('Fish&Chips', 10), ('Pasta', 8), ('Shrimp', 7)]",948.0,-37.8194662,144.9819554,0,8.944,20.52917115
ORDZ03918,2018-08-20,15:36:20,Lunch,NS,"[('Chicken', 5), ('Burger', 1), ('Steak', 1), ('Salad', 4)]",304.8,-37.8036314,144.9544783,0,7.88,13.4190676
ORDC09752,2018-07-22,14:45:38,Lunch,NS,"[('Chicken', 9), ('Steak', 4), ('Salad', 4), ('Burger', 5)]",691.8,-37.8236272,145.0075634,0,11.164,9.18482445
ORDX00361,2018-05-13,12:23:39,Lunch,BK,"[('Chicken', 7), ('Steak', 9), ('Burger', 3)]",722.0,-37.7997655,144.9595308,0,8.521,16.4915325
ORDX03873,2018-03-28,10:52:23,Breakfast,BK,"[('Cereal', 5), ('Eggs', 3), ('Coffee', 5), ('Pancake', 1)]",232.75,-37.8097134,144.9879612,0,5.211,9.1696043
ORDZ10024,2018-04-29,11:53:14,Breakfast,NS,"[('Cereal', 9), ('Eggs', 7)]",343.0,-37.814368,144.9774963,0,8.043,22.77244605
ORDC09453,2018-08-17,15:36:20,Lunch,NS,"[('Salad', 5), ('Steak', 1), ('Chicken', 2), ('Burger', 10)]",505.0,-37.82313,144.93784,0,11.109,16.7499552
ORDZ01370,2018-09-17,16:37:10,Dinner,NS,"[('Shrimp', 4), ('Salmon', 2), ('Fish&Chips', 3), ('Pasta', 4)]",513.0,-37.8196254,145.0082226,0,10.865,16.3895308
ORDK06351,2018-12-30,20:00:00,Dinner,BK,"[('Salmon', 2), ('Pasta', 3), ('Shrimp', 3), ('Fish&Chips', 3)]",431.5,-37.8154849,144.9377978,0,9.984,29.945277600000004
ORDJ07513,2018-01-17,08:30:25,Breakfast,TP,"[('Pancake', 9), ('Coffee', 3), ('Eggs', 4)]",328.75,-37.8081468,144.9342466,1,10.709,6.5965328
ORDZ10800,2018-03-19,10:32:06,Breakfast,NS,"[('Eggs', 5), ('Pancake', 3), ('Cereal', 1), ('Coffee', 4)]",233.75,-37.8150883,144.9523353,0,8.751,13.7021165
ORDZ09028,2018-06-26,13:44:47,Lunch,NS,"[('Fries', 2), ('Burger', 6), ('Chicken', 2), ('Salad', 3), ('Steak', 8)]",685.6,-37.8258356,144.9844247,0,9.526,15.2371535
ORDX04928,2018-08-28,15:56:37,Lunch,BK,"[('Chicken', 5), ('Fries', 8)]",256.0,-37.7984572,144.9796105,0,6.97,13.0518277
ORDB07445,2018-04-30,11:53:14,Breakfast,TP,"[('Coffee', 2), ('Pancake', 4)]",112.0,-37.8040613,144.9530848,0,9.638,12.1220497
ORDC00323,2018-11-25,18:49:00,Dinner,NS,"[('Salmon', 7), ('Pasta', 4), ('Fish&Chips', 10)]",747.0,-37.8212576,144.9832656,0,9.113,16.8444306
ORDJ04632,2018-06-13,13:24:30,Lunch,TP,"[('Fries', 6), ('Steak', 6)]",342.0,-37.8124129,144.9517593,0,9.181,12.8003589
ORDC01476,2018-07-06,14:05:04,Lunch,NS,"[('Chicken', 10), ('Fries', 3), ('Burger', 6), ('Salad', 4)]",610.8,-37.8111528,144.9970476,0,9.277,15.3072525
ORDI08778,2018-01-30,08:50:42,Breakfast,NS,"[('Cereal', 1), ('Pancake', 1), ('Coffee', 1)]",52.75,-37.7996411,144.9910159,0,8.157,13.217887
ORDB00605,2018-04-25,11:43:05,Breakfast,TP,"[('Pancake', 2), ('Cereal', 5)]",153.5,-37.8186403,144.9534633,0,8.541,11.1021407
ORDB01688,2018-02-27,09:51:32,Breakfast,TP,"[('Coffee', 6), ('Cereal', 2), ('Eggs', 8)]",263.0,-37.8219199,144.9725456,0,8.062,11.0168992
ORDX05044,2018-12-02,19:09:17,Dinner,BK,"[('Pasta', 1), ('Salmon', 8), ('Fish&Chips', 9)]",670.5,-37.8189447,144.9586486,0,8.265,17.4655309
ORDC08948,2018-05-24,12:43:56,Lunch,NS,"[('Salad', 1), ('Burger', 7), ('Chicken', 7), ('Steak', 4), ('Fries', 8)]",734.2,-37.8221807,144.979236,0,8.965,14.5372066
ORDJ02254,2018-12-27,20:00:00,Dinner,TP,"[('Fish&Chips', 1), ('Pasta', 6)]",200.0,-37.8006491,144.9658899,0,9.808,13.4564001
ORDB06878,2018-07-20,14:35:29,Lunch,TP,"[('Burger', 6), ('Chicken', 5), ('Steak', 3), ('Salad', 7)]",601.4,-37.8232173,145.0111342,0,11.77,14.5783766
ORDB07580,2018-10-18,17:38:01,Dinner,TP,"[('Pasta', 2), ('Salmon', 2), ('Shrimp', 7)]",515.0,-37.8021809,144.9487348,0,10.112,14.6392141
ORDC00401,2018-04-06,11:02:32,Breakfast,NS,"[('Pancake', 5), ('Coffee', 9)]",188.75,-37.8143648,144.9664884,0,7.936,12.3250913
ORDI04268,2018-01-16,08:20:16,Breakfast,NS,"[('Cereal', 5), ('Pancake', 10)]",347.5,-37.8263373,144.9956165,1,10.139,7.024308
ORDZ08363,2018-08-12,15:26:11,Lunch,NS,"[('Fries', 5), ('Steak', 2), ('Salad', 4), ('Chicken', 5)]",378.8,-37.8127465,144.9884014,0,8.739,23.968766549999998
ORDX03603,2018-02-22,09:41:24,Breakfast,BK,"[('Cereal', 10), ('Pancake', 10), ('Eggs', 4), ('Coffee', 10)]",615.5,-37.8260379,144.9837062,0,7.297,11.793066
ORDJ06093,2018-09-30,16:57:27,Dinner,TP,"[('Fish&Chips', 1), ('Shrimp', 9), ('Pasta', 6)]",686.0,-37.8002338,144.9770628,0,10.132,15.5985072
ORDJ03217,2018-11-27,18:59:09,Dinner,TP,"[('Shrimp', 4), ('Pasta', 3), ('Fish&Chips', 8), ('Salmon', 8)]",906.5,-37.818696,144.9829558,0,9.049,12.7448
ORDB00009,2018-04-08,11:12:40,Breakfast,TP,"[('Eggs', 1), ('Pancake', 3), ('Coffee', 7)]",147.25,-37.7996903,144.9576193,0,9.74,13.8115269
ORDB10915,2018-08-13,15:26:11,Lunch,TP,"[('Salad', 6), ('Chicken', 8)]",359.2,-37.8052207,144.9419912,0,10.318,6.5423988
ORDC07896,2018-05-05,12:03:22,Lunch,NS,"[('Salad', 5), ('Burger', 2), ('Steak', 1), ('Fries', 3), ('Chicken', 1)]",261.0,-37.8006883,144.9608807,0,7.013,14.3983833
ORDY06249,2018-07-15,14:25:21,Lunch,TP,"[('Chicken', 5), ('Burger', 9), ('Fries', 3), ('Steak', 4), ('Salad', 6)]",758.2,-37.8203042,144.9573618,0,7.97,13.1534606
ORDZ03029,2018-01-11,08:20:16,Breakfast,NS,"[('Pancake', 6), ('Eggs', 2)]",189.5,-37.8077516,144.971208,1,7.013,6.4980956
ORDB07118,2018-08-14,15:26:11,Lunch,TP,"[('Steak', 2), ('Chicken', 10), ('Salad', 3), ('Fries', 3), ('Burger', 7)]",714.6,-37.8241066,145.0001353,0,10.422,7.1007986
ORDB10007,2018-07-21,14:35:29,Lunch,TP,"[('Chicken', 9), ('Fries', 2)]",312.0,-37.8123412,144.9734482,0,8.736,13.1543896
ORDI06815,2018-11-11,18:28:43,Dinner,NS,"[('Pasta', 6), ('Fish&Chips', 3), ('Salmon', 4), ('Shrimp', 7)]",812.0,-37.8144007,144.9392639,0,9.874,17.8384757
ORDX02481,2018-11-23,18:49:00,Dinner,BK,"[('Salmon', 5), ('Pasta', 9)]",452.5,-37.7953144,144.9937455,0,6.512,13.0389846
ORDA01066,2018-03-23,10:42:15,Breakfast,BK,"[('Eggs', 6), ('Pancake', 6), ('Coffee', 1)]",285.0,-37.8149255,144.9502653,0,9.927,15.1875107
ORDC02010,2018-08-26,15:46:28,Lunch,NS,"[('Salad', 4), ('Steak', 8), ('Fries', 4), ('Burger', 10)]",786.8,-37.8124141,144.9385708,0,10.348,18.5478112
ORDB02933,2018-08-09,15:16:03,Lunch,TP,"[('Steak', 5), ('Fries', 10)]",345.0,-37.8225748,144.9545112,0,8.301,11.6388499
ORDA05083,2018-05-25,12:43:56,Lunch,BK,"[('Fries', 9), ('Burger', 5), ('Steak', 10), ('Salad', 3)]",764.6,-37.8249498,144.9490132,0,9.436,15.3473887
ORDJ09023,2018-01-19,08:30:25,Breakfast,TP,"[('Coffee', 10), ('Cereal', 8), ('Pancake', 7)]",412.75,-37.7996973,144.973788,0,10.23,12.49181
ORDZ05704,2018-09-22,16:47:19,Dinner,NS,"[('Shrimp', 4), ('Fish&Chips', 10), ('Salmon', 10)]",976.0,-37.7997691,144.9718105,0,6.247,14.2786615
ORDX09887,2018-05-07,12:03:22,Lunch,BK,"[('Fries', 9), ('Salad', 4)]",176.8,-37.8233577,144.9762988,0,7.364,13.5664544
ORDJ07458,2018-04-08,11:12:40,Breakfast,TP,"[('Cereal', 5), ('Eggs', 3), ('Coffee', 6), ('Pancake', 1)]",240.25,-37.7995245,144.950772,0,10.252,13.8624483
ORDX11008,2018-07-13,14:25:21,Lunch,BK,"[('Chicken', 3), ('Burger', 2), ('Salad', 8), ('Steak', 2)]",385.6,-37.816173,145.0074038,0,3.934,9.3331679
ORDZ03713,2018-02-13,09:21:07,Breakfast,NS,"[('Eggs', 2), ('Cereal', 4), ('Pancake', 7)]",297.75,-37.8248764,144.9916617,0,9.753,14.3655093
ORDI00324,2018-04-30,11:53:14,Breakfast,NS,"[('Eggs', 1), ('Cereal', 1), ('Pancake', 3)]",115.75,-37.8187425,144.9532489,0,9.224,14.4673113
ORDZ01425,2018-03-12,10:11:49,Breakfast,NS,"[('Eggs', 10), ('Coffee', 10)]",295.0,-37.8149933,144.9502868,0,10.204,15.6000683
ORDA10124,2018-02-02,09:00:50,Breakfast,BK,"[('Coffee', 4), ('Pancake', 2), ('Eggs', 3)]",144.5,-37.8155572,144.9664266,0,7.533,11.88814
ORDB02700,2018-09-11,16:27:02,Dinner,TP,"[('Salmon', 9), ('Shrimp', 10)]",909.0,-37.8079843,144.9688723,0,9.114,13.0064822
ORDX06075,2018-06-10,13:14:21,Lunch,BK,"[('Burger', 9), ('Salad', 8), ('Steak', 1)]",461.6,-37.8150557,144.9451777,0,9.142,17.1956663
ORDC06585,2018-08-18,15:36:20,Lunch,NS,"[('Burger', 5), ('Steak', 7), ('Fries', 1), ('Chicken', 4)]",610.0,-37.8129552,144.9680058,0,7.657,15.416965
ORDA02304,2018-08-10,15:16:03,Lunch,BK,"[('Chicken', 1), ('Fries', 6), ('Steak', 7), ('Salad', 3), ('Burger', 5)]",625.6,-37.7991671,144.9634291,0,8.21,14.1926457
ORDK06543,2018-03-26,10:42:15,Breakfast,BK,"[('Pancake', 9), ('Cereal', 6), ('Coffee', 9)]",411.75,-37.8194657,144.9985596,0,5.096,9.3808471
ORDZ07247,2018-09-28,16:57:27,Dinner,NS,"[('Fish&Chips', 6), ('Pasta', 4), ('Shrimp', 1), ('Salmon', 9)]",743.0,-37.8089964,144.9460894,0,8.97,14.4075932
ORDB00415,2018-10-12,17:27:53,Dinner,TP,"[('Salmon', 2), ('Shrimp', 1)]",136.0,-37.8086535,144.9443381,0,10.081,13.8537082
ORDJ01757,2018-09-23,16:47:19,Dinner,TP,"[('Fish&Chips', 4), ('Pasta', 9), ('Shrimp', 2)]",495.5,-37.798872,144.9543817,0,9.955,15.0015938
ORDK01392,2018-12-31,20:00:00,Dinner,BK,"[('Salmon', 5), ('Fish&Chips', 8), ('Shrimp', 6), ('Pasta', 5)]",946.5,-37.8053578,144.9995589,0,4.8,5.96531165
ORDZ02636,2018-10-07,17:17:44,Dinner,NS,"[('Shrimp', 3), ('Fish&Chips', 2), ('Pasta', 6)]",397.0,-37.822584,144.9610415,0,9.21,8.92480545
ORDY00178,2018-10-27,17:58:18,Dinner,TP,"[('Pasta', 1), ('Fish&Chips', 4)]",167.5,-37.8185902,144.9991856,0,10.515,16.1653558
ORDY08344,2018-06-07,13:14:21,Lunch,TP,"[('Fries', 9), ('Steak', 8), ('Burger', 10), ('Salad', 2)]",812.4,-37.814846,144.9458903,0,9.481,12.6393948
ORDB09473,2018-06-20,13:34:38,Lunch,TP,"[('Steak', 8), ('Fries', 9), ('Burger', 3), ('Salad', 8), ('Chicken', 1)]",730.6,-37.8008381,144.9724456,0,10.036,13.4228636
ORDA07252,2018-01-08,08:10:08,Breakfast,BK,"[('Pancake', 10), ('Coffee', 7), ('Cereal', 8), ('Eggs', 6)]",595.0,-37.8142644,144.9379114,1,10.162,7.818697
ORDK10290,2018-11-30,18:59:09,Dinner,BK,"[('Fish&Chips', 9), ('Shrimp', 9), ('Salmon', 3), ('Pasta', 2)]",979.0,-37.8017119,145.0043756,0,5.406,12.2204266
ORDI08871,2018-04-12,11:12:40,Breakfast,NS,"[('Eggs', 8), ('Pancake', 10)]",418.5,-37.8078889,144.9730386,0,7.08,12.2272002
ORDJ06570,2018-11-26,18:49:00,Dinner,TP,"[('Pasta', 6), ('Fish&Chips', 3), ('Salmon', 1)]",311.0,-37.8008256,145.0046635,0,12.259,16.1603517
ORDB02640,2018-04-04,11:02:32,Breakfast,TP,"[('Cereal', 8), ('Coffee', 1), ('Eggs', 6), ('Pancake', 4)]",404.5,-37.8184782,144.9639422,0,7.644,10.7346719
ORDK01663,2018-06-15,13:24:30,Lunch,BK,"[('Burger', 8), ('Steak', 5)]",473.0,-37.8233121,144.9406361,0,10.147,16.3039489
ORDX10686,2018-08-06,15:05:54,Lunch,BK,"[('Steak', 9), ('Burger', 7), ('Chicken', 4)]",750.0,-37.8083022,145.0002078,0,4.36,10.2698507
ORDI10350,2018-10-26,17:48:10,Dinner,NS,"[('Pasta', 8), ('Fish&Chips', 6)]",430.0,-37.82048,144.9657125,0,8.925,14.918438
ORDJ02649,2018-04-02,10:52:23,Breakfast,TP,"[('Pancake', 6), ('Cereal', 9)]",334.5,-37.8242505,144.9905173,0,9.618,11.5083717
ORDX07877,2018-06-30,13:54:55,Lunch,BK,"[('Salad', 4), ('Burger', 7), ('Steak', 10), ('Fries', 6)]",807.8,-37.8045393,144.9281603,0,10.696,19.4056551
ORDC07288,2018-07-28,14:55:46,Lunch,NS,"[('Fries', 1), ('Burger', 5)]",167.0,-37.8159398,144.9610629,0,8.398,15.9909904
ORDC10061,2018-12-07,19:19:26,Dinner,NS,"[('Shrimp', 2), ('Salmon', 5), ('Fish&Chips', 9)]",628.0,-37.8185913,144.9596726,0,8.833,14.7495245
ORDC05427,2018-02-13,09:21:07,Breakfast,NS,"[('Cereal', 6), ('Eggs', 7), ('Coffee', 9)]",347.5,-37.7991957,144.9876969,0,7.907,12.4327351
ORDA00193,2018-10-09,17:17:44,Dinner,BK,"[('Shrimp', 8), ('Fish&Chips', 9), ('Pasta', 4), ('Salmon', 8)]",1185.0,-37.8163524,144.9883405,0,5.77,12.6183746
ORDB10399,2018-03-27,10:42:15,Breakfast,TP,"[('Coffee', 8), ('Eggs', 2), ('Pancake', 3), ('Cereal', 2)]",218.75,-37.8211349,144.9577267,0,7.946,11.0037561
ORDC03304,2018-06-24,13:44:47,Lunch,NS,"[('Burger', 3), ('Steak', 2), ('Chicken', 1), ('Fries', 4)]",263.0,-37.8071519,144.9880175,0,8.131,15.7161509
ORDA07676,2018-05-20,12:33:48,Lunch,BK,"[('Chicken', 5), ('Burger', 9)]",439.0,-37.8097067,144.9930454,0,4.758,13.0069315
ORDA05814,2018-05-25,12:43:56,Lunch,BK,"[('Salad', 8), ('Fries', 4), ('Burger', 6)]",371.6,-37.8035393,144.9944731,0,5.258,10.8091371
ORDY10713,2018-09-06,16:06:45,Dinner,TP,"[('Pasta', 2), ('Fish&Chips', 8), ('Shrimp', 3), ('Salmon', 6)]",743.0,-37.8006114,144.9499828,0,10.174,14.0855952
ORDZ05517,2018-06-05,13:04:13,Lunch,NS,"[('Chicken', 10), ('Salad', 8), ('Fries', 6), ('Burger', 3), ('Steak', 6)]",892.6,-37.8029372,144.9444736,0,8.739,21.7856025
ORDJ03411,2018-09-21,16:47:19,Dinner,TP,"[('Fish&Chips', 6), ('Shrimp', 9)]",696.0,-37.8202785,144.957434,0,7.963,12.3006909
ORDC10534,2018-11-15,18:28:43,Dinner,NS,"[('Shrimp', 4), ('Salmon', 5), ('Pasta', 3)]",503.5,-37.8099203,144.9784012,0,7.716,13.9695696
ORDB00833,2018-12-04,19:09:17,Dinner,TP,"[('Fish&Chips', 3), ('Salmon', 7)]",392.0,-37.815713,144.9687988,0,8.057,12.2495739
ORDJ00366,2018-09-26,16:47:19,Dinner,TP,"[('Salmon', 1), ('Pasta', 9), ('Fish&Chips', 1)]",323.5,-37.8115199,144.9272068,0,11.483,15.4371415
ORDB03455,2018-05-20,12:33:48,Lunch,TP,"[('Salad', 5), ('Chicken', 5), ('Steak', 3)]",381.0,-37.801975,144.9571579,0,9.514,14.0005829
ORDK11064,2018-05-06,12:03:22,Lunch,BK,"[('Burger', 1), ('Fries', 9), ('Steak', 1)]",184.0,-37.8084849,144.9993917,0,4.401,12.8166092
ORDK06452,2018-07-09,14:15:12,Lunch,BK,"[('Steak', 8), ('Burger', 1), ('Fries', 1), ('Salad', 1)]",420.2,-37.8023534,144.9630115,0,7.839,13.9848282
ORDJ00090,2018-03-15,10:21:58,Breakfast,TP,"[('Eggs', 1), ('Cereal', 9)]",211.0,-37.8010658,145.0049799,0,12.353,14.6656171
ORDK10402,2018-07-20,14:35:29,Lunch,BK,"[('Steak', 6), ('Burger', 7), ('Salad', 7), ('Chicken', 7)]",831.4,-37.8225174,144.9547037,0,8.78,14.7047015
ORDI08848,2018-12-31,20:00:00,Dinner,NS,"[('Fish&Chips', 1), ('Shrimp', 2)]",143.0,-37.803388,145.0075238,0,9.747,15.7187149
ORDK07568,2018-08-21,15:36:20,Lunch,BK,"[('Burger', 8), ('Chicken', 8)]",504.0,-37.8215851,145.002372,0,4.995,10.9536751
ORDX03907,2018-06-23,13:44:47,Lunch,BK,"[('Steak', 7), ('Chicken', 9), ('Salad', 3), ('Fries', 2)]",678.6,-37.7986268,144.9811829,0,6.829,15.1752586
ORDX05827,2018-12-24,19:49:51,Dinner,BK,"[('Fish&Chips', 9), ('Pasta', 10), ('Salmon', 8)]",918.0,-37.80348,144.936364,0,10.554,18.0123093
ORDI08208,2018-12-05,19:09:17,Dinner,NS,"[('Pasta', 8), ('Fish&Chips', 4), ('Shrimp', 5)]",630.0,-37.8188407,144.9553643,0,9.089,14.469165
ORDJ08747,2018-04-23,11:43:05,Breakfast,TP,"[('Coffee', 9), ('Cereal', 9), ('Pancake', 9)]",474.75,-37.8194809,144.9521545,0,8.63,5.6541943
ORDK04952,2018-12-14,19:29:34,Dinner,BK,"[('Salmon', 7), ('Shrimp', 5), ('Pasta', 3), ('Fish&Chips', 3)]",744.5,-37.8094704,144.9727182,0,6.692,13.2441245
ORDZ07372,2018-11-24,18:49:00,Dinner,NS,"[('Pasta', 2), ('Fish&Chips', 6)]",265.0,-37.8041928,144.9585999,0,7.52,15.5007572
ORDI10595,2018-06-02,13:04:13,Lunch,NS,"[('Salad', 8), ('Steak', 8), ('Fries', 2), ('Chicken', 8)]",777.6,-37.8177636,144.9659853,0,8.436,15.6467892
ORDC04357,2018-09-02,16:06:45,Dinner,NS,"[('Fish&Chips', 9), ('Salmon', 1), ('Shrimp', 8)]",788.0,-37.8127111,144.9688045,0,7.602,15.1330436
ORDY10091,2018-12-28,20:00:00,Dinner,TP,"[('Shrimp', 8), ('Salmon', 3)]",555.0,-37.8119519,144.9711716,0,8.712,12.5842553
ORDY07761,2018-12-25,19:49:51,Dinner,TP,"[('Shrimp', 4), ('Pasta', 10), ('Salmon', 4), ('Fish&Chips', 3)]",760.0,-37.8220781,144.969508,0,7.837,12.3746175
ORDC03783,2018-02-16,09:31:16,Breakfast,NS,"[('Eggs', 5), ('Coffee', 4), ('Cereal', 3), ('Pancake', 3)]",275.75,-37.8099503,144.9504362,0,8.583,13.3222604
ORDZ08588,2018-08-29,15:56:37,Lunch,NS,"[('Chicken', 4), ('Fries', 4), ('Salad', 6), ('Burger', 5)]",434.2,-37.8118155,144.95579,0,8.171,13.7533145
ORDX03172,2018-10-13,17:27:53,Dinner,BK,"[('Fish&Chips', 3), ('Salmon', 10)]",515.0,-37.8207499,144.9574438,0,8.486,17.7774401
ORDI10152,2018-04-15,11:22:49,Breakfast,NS,"[('Coffee', 7), ('Cereal', 1)]",73.5,-37.8142125,145.0116775,0,10.878,18.165945
ORDC04039,2018-04-30,11:53:14,Breakfast,NS,"[('Coffee', 2), ('Cereal', 8), ('Pancake', 4)]",280.0,-37.8148837,144.9448938,0,9.197,21.26024865
ORDY10932,2018-04-01,10:52:23,Breakfast,TP,"[('Cereal', 4), ('Pancake', 2)]",132.5,-37.8189098,144.9625488,0,7.746,11.667601
ORDX06763,2018-01-27,08:50:42,Breakfast,BK,"[('Coffee', 3), ('Eggs', 7)]",176.5,-37.8051371,144.925914,0,10.971,18.1717141
ORDZ07754,2018-02-19,09:31:16,Breakfast,NS,"[('Eggs', 10), ('Coffee', 2)]",235.0,-37.8072312,144.9559266,0,8.085,12.9418714
ORDK04935,2018-01-25,08:40:33,Breakfast,BK,"[('Cereal', 5), ('Coffee', 7)]",157.5,-37.8088541,144.9362498,0,10.137,14.8710936
ORDZ02816,2018-03-23,10:42:15,Breakfast,NS,"[('Pancake', 9), ('Cereal', 2), ('Coffee', 9), ('Eggs', 8)]",503.75,-37.8147867,144.9500749,0,10.175,22.78592265
ORDY03083,2018-02-06,09:10:59,Breakfast,TP,"[('Coffee', 6), ('Pancake', 1)]",69.25,-37.8247196,144.9884504,0,9.198,11.5895888
ORDC02331,2018-02-10,09:21:07,Breakfast,NS,"[('Coffee', 6), ('Cereal', 6), ('Pancake', 9)]",389.25,-37.8089463,144.9665017,0,7.178,14.1168881
ORDA06938,2018-08-16,15:26:11,Lunch,BK,"[('Chicken', 9), ('Salad', 3), ('Burger', 6), ('Steak', 1)]",570.6,-37.8172506,144.9553735,0,8.568,14.6561203
ORDJ00768,2018-06-03,13:04:13,Lunch,TP,"[('Salad', 4), ('Chicken', 9), ('Burger', 9), ('Steak', 2), ('Fries', 2)]",749.8,-37.8124152,144.9588562,0,8.685,13.0382937
ORDZ07792,2018-05-06,12:03:22,Lunch,NS,"[('Fries', 9), ('Steak', 6), ('Chicken', 4), ('Burger', 2), ('Salad', 5)]",654.0,-37.7998319,144.9841442,0,7.492,14.8835023
ORDA09376,2018-08-23,15:46:28,Lunch,BK,"[('Salad', 2), ('Steak', 7)]",349.4,-37.8144195,144.935355,0,10.213,23.6677608
ORDK10995,2018-07-29,14:55:46,Lunch,BK,"[('Burger', 8), ('Fries', 3), ('Steak', 6), ('Salad', 3), ('Chicken', 10)]",925.6,-37.8115874,144.9648105,0,7.424,15.6645904
ORDK00996,2018-06-10,13:14:21,Lunch,BK,"[('Chicken', 1), ('Salad', 7), ('Burger', 3)]",245.4,-37.8017589,144.957393,0,8.193,16.8649113
ORDK10100,2018-02-06,09:10:59,Breakfast,BK,"[('Pancake', 5), ('Cereal', 10)]",331.25,-37.8247351,144.9885515,0,6.44,11.1486884
ORDC02252,2018-11-25,18:49:00,Dinner,NS,"[('Shrimp', 10), ('Pasta', 7), ('Salmon', 4), ('Fish&Chips', 2)]",966.5,-37.8060922,144.9584327,0,7.724,16.0150809
ORDC07353,2018-08-05,15:05:54,Lunch,NS,"[('Salad', 4), ('Steak', 10)]",518.8,-37.8132289,144.9883151,0,8.794,16.713136
ORDK05613,2018-08-01,14:55:46,Lunch,BK,"[('Chicken', 9), ('Salad', 3), ('Burger', 2), ('Fries', 9)]",509.6,-37.8069403,144.9488771,0,8.791,14.986501
ORDA01291,2018-07-27,14:45:38,Lunch,BK,"[('Steak', 3), ('Fries', 1), ('Salad', 4), ('Chicken', 10)]",535.8,-37.8221722,144.9784874,0,7.063,13.0752944
ORDA10117,2018-11-11,18:28:43,Dinner,BK,"[('Salmon', 1), ('Shrimp', 4), ('Pasta', 3)]",339.5,-37.8153719,145.0090574,0,3.711,13.0393552
ORDX06134,2018-10-27,17:58:18,Dinner,BK,"[('Fish&Chips', 7), ('Salmon', 6), ('Shrimp', 10), ('Pasta', 3)]",1113.5,-37.8204865,144.9659114,0,7.996,17.1601416
ORDY06417,2018-10-25,17:48:10,Dinner,TP,"[('Shrimp', 4), ('Salmon', 8)]",544.0,-37.8195254,144.9624772,0,7.853,12.1804257
ORDJ09111,2018-03-16,10:21:58,Breakfast,TP,"[('Pancake', 8), ('Cereal', 6)]",320.0,-37.7974511,145.0033132,0,12.671,21.2511126
ORDJ06571,2018-08-27,15:56:37,Lunch,TP,"[('Chicken', 8), ('Steak', 4), ('Salad', 1)]",453.2,-37.8190279,144.954338,0,8.389,11.54512
ORDI00621,2018-05-03,12:03:22,Lunch,NS,"[('Chicken', 3), ('Burger', 5), ('Fries', 8), ('Salad', 2)]",381.4,-37.8116535,144.9639498,0,7.748,13.0300403
ORDX07237,2018-06-16,13:24:30,Lunch,BK,"[('Chicken', 8), ('Steak', 2), ('Salad', 7), ('Burger', 2), ('Fries', 4)]",576.4,-37.8223938,144.9487416,0,9.186,18.0919812
ORDA09953,2018-07-23,14:45:38,Lunch,BK,"[('Steak', 4), ('Salad', 10), ('Fries', 3)]",388.0,-37.8236939,145.0137561,0,4.828,10.7181467
ORDC01426,2018-11-04,18:08:27,Dinner,NS,"[('Pasta', 10), ('Salmon', 1), ('Shrimp', 1)]",370.0,-37.8187901,144.9529565,0,9.244,17.0758592
ORDZ10965,2018-04-05,11:02:32,Breakfast,NS,"[('Coffee', 5), ('Eggs', 2), ('Pancake', 1), ('Cereal', 1)]",126.75,-37.8177257,144.9518751,0,9.133,14.3822206
ORDJ10373,2018-08-12,15:26:11,Lunch,TP,"[('Fries', 8), ('Burger', 8)]",344.0,-37.8129835,144.988359,0,9.807,14.3123376
ORDY05723,2018-04-02,10:52:23,Breakfast,TP,"[('Pancake', 2), ('Cereal', 7)]",195.5,-37.8172549,144.9531826,0,8.61,10.9375253
ORDK07773,2018-09-18,16:37:10,Dinner,BK,"[('Salmon', 4), ('Fish&Chips', 4), ('Shrimp', 5), ('Pasta', 8)]",794.0,-37.805895,144.9559639,0,8.063,14.6644636
ORDJ01390,2018-03-11,10:11:49,Breakfast,TP,"[('Cereal', 2), ('Eggs', 6)]",174.0,-37.8065824,144.9629048,0,9.007,12.6044712
ORDB08180,2018-07-15,14:25:21,Lunch,TP,"[('Fries', 2), ('Burger', 7)]",241.0,-37.8034761,144.9663902,0,9.471,21.1392024
ORDX09857,2018-10-17,17:38:01,Dinner,BK,"[('Fish&Chips', 9), ('Shrimp', 3)]",477.0,-37.8027506,144.950142,0,8.73,15.6884969
ORDI04919,2018-08-21,15:36:20,Lunch,NS,"[('Salad', 8), ('Chicken', 6), ('Steak', 9), ('Fries', 6)]",806.6,-37.8112963,144.9440215,0,10.073,15.7845486
ORDJ01074,2018-08-02,15:05:54,Lunch,TP,"[('Burger', 9), ('Chicken', 5), ('Steak', 1)]",484.0,-37.8114554,144.9911237,0,10.171,13.1057635
ORDJ02493,2018-01-27,08:50:42,Breakfast,TP,"[('Coffee', 6), ('Eggs', 5), ('Cereal', 10), ('Pancake', 2)]",413.5,-37.8095985,144.9345653,0,10.671,21.0118662
ORDI07815,2018-09-12,16:27:02,Dinner,NS,"[('Shrimp', 9), ('Fish&Chips', 4), ('Salmon', 7)]",913.0,-37.8222361,144.9677432,0,8.922,14.4889059
ORDI02000,2018-02-12,09:21:07,Breakfast,NS,"[('Cereal', 5), ('Pancake', 4)]",202.0,-37.8156509,144.9741108,0,8.049,12.730147
ORDZ05389,2018-10-23,17:48:10,Dinner,NS,"[('Pasta', 5), ('Fish&Chips', 10), ('Salmon', 3), ('Shrimp', 6)]",934.5,-37.8083859,144.9477409,0,8.839,14.5740105
ORDA10748,2018-02-25,09:41:24,Breakfast,BK,"[('Coffee', 4), ('Cereal', 9), ('Pancake', 1), ('Eggs', 1)]",265.25,-37.8148622,144.9607278,0,7.959,15.6436367
ORDZ00848,2018-07-30,14:55:46,Lunch,NS,"[('Steak', 8), ('Chicken', 8), ('Salad', 8), ('Burger', 4), ('Fries', 7)]",961.6,-37.8121635,144.9737165,0,7.635,13.0402629
ORDY07711,2018-01-20,08:30:25,Breakfast,TP,"[('Cereal', 3), ('Coffee', 2), ('Eggs', 3), ('Pancake', 2)]",192.5,-37.811653,144.9381715,0,10.805,14.5275156
ORDJ08264,2018-11-07,18:18:35,Dinner,TP,"[('Pasta', 1), ('Fish&Chips', 3)]",132.5,-37.8121882,144.9623663,0,8.253,6.4487807
ORDI07121,2018-08-16,15:26:11,Lunch,NS,"[('Chicken', 2), ('Salad', 3), ('Steak', 2), ('Burger', 2), ('Fries', 2)]",291.6,-37.8104908,144.9754623,0,7.565,13.1571689
ORDX01507,2018-10-06,17:07:36,Dinner,BK,"[('Fish&Chips', 2), ('Salmon', 10)]",480.0,-37.8174608,144.9674195,0,7.455,25.5779772
ORDA10067,2018-02-04,09:00:50,Breakfast,BK,"[('Pancake', 6), ('Eggs', 4), ('Cereal', 10)]",443.5,-37.8225799,144.9610311,0,8.348,15.9030432
ORDY09463,2018-10-10,17:17:44,Dinner,TP,"[('Salmon', 6), ('Pasta', 1), ('Shrimp', 9), ('Fish&Chips', 2)]",829.5,-37.8197652,144.9989599,0,10.572,14.3066612
ORDC06634,2018-10-13,17:27:53,Dinner,NS,"[('Salmon', 4), ('Fish&Chips', 2)]",234.0,-37.8207232,144.9574815,0,9.327,16.935637
ORDA06425,2018-08-02,15:05:54,Lunch,BK,"[('Fries', 2), ('Chicken', 3), ('Salad', 4), ('Steak', 3), ('Burger', 10)]",633.8,-37.8010098,144.9724161,0,7.323,13.0640154
ORDB07987,2018-11-29,18:59:09,Dinner,TP,"[('Fish&Chips', 7), ('Salmon', 2), ('Shrimp', 1)]",381.0,-37.8107719,144.9566333,0,8.791,12.8329995
ORDC06920,2018-12-30,20:00:00,Dinner,NS,"[('Pasta', 2), ('Salmon', 6)]",301.0,-37.8060488,144.9333386,0,10.087,18.0049283
ORDI05559,2018-05-15,12:23:39,Lunch,NS,"[('Steak', 9), ('Chicken', 7), ('Fries', 5), ('Salad', 9)]",843.8,-37.8081849,144.9687701,0,6.971,18.16070715
ORDC03253,2018-11-19,18:38:52,Dinner,NS,"[('Shrimp', 9), ('Salmon', 2), ('Pasta', 4), ('Fish&Chips', 9)]",993.0,-37.8205611,144.9487888,0,9.69,15.1563583
ORDY03350,2018-12-20,19:39:43,Dinner,TP,"[('Fish&Chips', 7), ('Pasta', 9), ('Salmon', 9), ('Shrimp', 3)]",1023.5,-37.816221,144.9337563,0,10.75,14.8763571
ORDK06722,2018-11-10,18:18:35,Dinner,BK,"[('Shrimp', 5), ('Pasta', 2)]",325.0,-37.8157663,144.9665926,0,7.546,17.2157047
ORDB00734,2018-07-28,14:55:46,Lunch,TP,"[('Chicken', 5), ('Fries', 7), ('Burger', 1)]",275.0,-37.8139932,144.9601685,0,8.344,13.4450141
ORDI07257,2018-05-30,12:54:05,Lunch,NS,"[('Steak', 5), ('Burger', 8), ('Chicken', 1), ('Fries', 4), ('Salad', 2)]",587.4,-37.8004794,144.9581878,0,7.296,13.0802736
ORDC02676,2018-12-10,19:19:26,Dinner,NS,"[('Pasta', 10), ('Fish&Chips', 3)]",380.0,-37.823947,144.9543146,0,9.805,15.6141618
ORDJ10950,2018-04-03,11:02:32,Breakfast,TP,"[('Cereal', 1), ('Eggs', 8)]",197.0,-37.8122743,144.9890736,0,9.89,12.012778
ORDI04132,2018-11-09,18:18:35,Dinner,NS,"[('Pasta', 6), ('Fish&Chips', 8), ('Shrimp', 6), ('Salmon', 5)]",974.0,-37.8196932,145.0106718,0,11.078,17.0292444
ORDY04510,2018-07-30,14:55:46,Lunch,TP,"[('Burger', 4), ('Fries', 3)]",160.0,-37.8014809,144.9738913,0,10.03,13.8239117
ORDY02719,2018-12-23,19:49:51,Dinner,TP,"[('Fish&Chips', 8), ('Salmon', 1)]",321.0,-37.818372,145.0015339,0,10.759,15.9238319
ORDI08765,2018-04-19,11:32:57,Breakfast,NS,"[('Cereal', 10), ('Pancake', 7)]",379.75,-37.8114476,144.973172,0,7.449,11.8195689
ORDY07292,2018-05-13,12:23:39,Lunch,TP,"[('Salad', 9), ('Burger', 8), ('Fries', 5), ('Steak', 9)]",867.8,-37.8051471,144.9600534,0,9.119,14.0447674
ORDY06715,2018-09-04,16:06:45,Dinner,TP,"[('Pasta', 1), ('Shrimp', 8)]",459.5,-37.7991733,144.9520019,0,10.15,14.546655
ORDI09252,2018-03-26,10:42:15,Breakfast,NS,"[('Coffee', 2), ('Eggs', 7)]",169.0,-37.8013732,144.9743139,0,6.472,11.4864373
ORDY08586,2018-03-01,09:51:32,Breakfast,TP,"[('Coffee', 1), ('Eggs', 8)]",183.5,-37.8232412,144.9378876,0,9.732,11.8582648
ORDA04027,2018-07-01,13:54:55,Lunch,BK,"[('Fries', 10), ('Chicken', 1), ('Salad', 2), ('Steak', 10), ('Burger', 4)]",760.4,-37.8073409,144.9364254,0,10.091,18.8087544
ORDY10744,2018-03-06,10:01:41,Breakfast,TP,"[('Cereal', 6), ('Eggs', 3), ('Pancake', 8), ('Coffee', 9)]",453.5,-37.8161105,144.9826099,0,9.125,10.9588759
ORDX09132,2018-06-17,13:24:30,Lunch,BK,"[('Fries', 8), ('Chicken', 1)]",128.0,-37.8021655,144.9645182,0,7.721,25.023267150000002
ORDI00582,2018-03-24,10:42:15,Breakfast,NS,"[('Cereal', 7), ('Pancake', 2), ('Coffee', 1), ('Eggs', 7)]",357.0,-37.818821,144.9818722,0,8.842,15.663951
ORDX03392,2018-11-07,18:18:35,Dinner,BK,"[('Shrimp', 7), ('Salmon', 9), ('Pasta', 3)]",829.5,-37.80935,144.9608341,0,7.733,14.9292511
ORDJ05799,2018-06-08,13:14:21,Lunch,TP,"[('Chicken', 7), ('Steak', 3), ('Fries', 1)]",371.0,-37.8040866,144.9508656,0,9.798,12.8297356
ORDB08907,2018-02-18,09:31:16,Breakfast,TP,"[('Cereal', 3), ('Pancake', 1), ('Eggs', 8)]",263.25,-37.8000263,145.0141212,0,13.086,16.6721951
ORDY03420,2018-02-16,09:31:16,Breakfast,TP,"[('Cereal', 1), ('Coffee', 9), ('Eggs', 10), ('Pancake', 4)]",405.5,-37.806016,144.9400612,0,10.487,13.2304947
ORDC05683,2018-01-30,08:50:42,Breakfast,NS,"[('Coffee', 8), ('Cereal', 5), ('Eggs', 3)]",231.0,-37.8023074,144.9972956,0,8.692,13.5457001
ORDK02697,2018-06-05,13:04:13,Lunch,BK,"[('Burger', 2), ('Chicken', 3), ('Salad', 6)]",261.2,-37.8088151,144.9258578,0,11.133,17.4566475
ORDY10575,2018-04-19,11:32:57,Breakfast,TP,"[('Coffee', 2), ('Cereal', 1), ('Pancake', 4), ('Eggs', 10)]",353.0,-37.8152153,144.9749471,0,8.451,11.1500839
ORDB10492,2018-05-16,12:23:39,Lunch,TP,"[('Steak', 1), ('Chicken', 5), ('Salad', 3), ('Fries', 10)]",376.6,-37.8080176,144.9709312,0,9.3,12.9897423
ORDK08909,2018-04-23,11:43:05,Breakfast,BK,"[('Pancake', 6), ('Coffee', 8), ('Eggs', 3)]",271.5,-37.8174188,144.9688707,0,7.761,6.3544127
ORDB01508,2018-12-28,20:00:00,Dinner,TP,"[('Shrimp', 2), ('Fish&Chips', 6), ('Pasta', 4)]",428.0,-37.8072236,144.9627274,0,8.935,12.6201465
ORDC08691,2018-01-23,08:40:33,Breakfast,NS,"[('Cereal', 5), ('Eggs', 4), ('Pancake', 9)]",411.25,-37.8074249,144.962747,0,7.374,12.6141914
ORDX00856,2018-03-03,10:01:41,Breakfast,BK,"[('Cereal', 7), ('Eggs', 2)]",191.0,-37.8142998,144.9779444,0,6.385,13.4598
ORDC06561,2018-02-03,09:00:50,Breakfast,NS,"[('Coffee', 1), ('Cereal', 3), ('Pancake', 7), ('Eggs', 4)]",328.25,-37.8089225,144.9575533,0,7.876,14.3697408
ORDJ03147,2018-05-06,12:03:22,Lunch,TP,"[('Chicken', 3), ('Salad', 4), ('Steak', 3), ('Burger', 2)]",361.8,-37.8034338,144.9834853,0,10.29,15.3910099
ORDX05223,2018-10-16,17:27:53,Dinner,BK,"[('Pasta', 10), ('Salmon', 8)]",603.0,-37.8236517,144.996533,0,5.622,12.260271
ORDA03021,2018-05-02,12:03:22,Lunch,BK,"[('Burger', 7), ('Fries', 4), ('Steak', 7), ('Chicken', 10)]",900.0,-37.8056896,144.9460642,0,9.009,14.7714884
ORDK06759,2018-03-30,10:52:23,Breakfast,BK,"[('Eggs', 4), ('Pancake', 1)]",112.25,-37.8082091,144.9604111,0,7.698,19.263264
ORDI01491,2018-07-31,14:55:46,Lunch,NS,"[('Salad', 9), ('Fries', 4)]",202.8,-37.8129595,145.0155703,0,12.083,8.8412534
ORDC06792,2018-12-23,19:49:51,Dinner,NS,"[('Pasta', 1), ('Shrimp', 9), ('Salmon', 1), ('Fish&Chips', 1)]",589.5,-37.8036034,144.9815875,0,7.307,7.69581265
ORDI05591,2018-12-23,19:49:51,Dinner,NS,"[('Salmon', 3), ('Pasta', 2), ('Shrimp', 8), ('Fish&Chips', 3)]",715.0,-37.8163977,144.9459686,0,9.272,17.6144187
ORDZ10588,2018-09-24,16:47:19,Dinner,NS,"[('Pasta', 7), ('Salmon', 3), ('Shrimp', 1)]",369.5,-37.8169154,144.9881339,0,9.053,15.3407823
ORDZ04862,2018-07-04,14:05:04,Lunch,NS,"[('Chicken', 3), ('Burger', 7), ('Salad', 1), ('Steak', 2)]",420.2,-37.8228858,145.010151,0,11.399,17.2229428
ORDK08627,2018-03-29,10:52:23,Breakfast,BK,"[('Pancake', 8), ('Eggs', 5), ('Cereal', 4)]",388.0,-37.8018895,144.9572637,0,8.188,12.8641096
ORDK01198,2018-05-17,12:23:39,Lunch,BK,"[('Salad', 8), ('Steak', 1), ('Burger', 9), ('Chicken', 6)]",653.6,-37.7994315,144.9530465,0,8.736,14.7830211
ORDB07719,2018-12-07,19:19:26,Dinner,TP,"[('Fish&Chips', 8), ('Salmon', 1), ('Shrimp', 5)]",591.0,-37.8208139,144.9480607,0,8.925,13.1994525
ORDX09943,2018-01-12,08:20:16,Breakfast,BK,"[('Coffee', 2), ('Eggs', 7), ('Pancake', 8)]",363.0,-37.8093102,144.9721699,1,6.709,5.6294303
ORDI00317,2018-10-07,17:17:44,Dinner,NS,"[('Shrimp', 6), ('Salmon', 8)]",652.0,-37.8216013,144.961298,0,9.103,17.5307551
ORDJ05394,2018-05-09,12:13:31,Lunch,TP,"[('Burger', 4), ('Fries', 3), ('Salad', 1), ('Steak', 2)]",267.2,-37.8010755,144.9639306,0,9.634,12.599643
ORDK04017,2018-11-10,18:18:35,Dinner,BK,"[('Fish&Chips', 4), ('Salmon', 7), ('Pasta', 8), ('Shrimp', 5)]",917.0,-37.8203232,144.9842929,0,6.425,15.635055
ORDC05436,2018-07-03,14:05:04,Lunch,NS,"[('Steak', 3), ('Chicken', 7), ('Burger', 10), ('Salad', 5), ('Fries', 7)]",839.0,-37.8095947,144.9636776,0,7.421,12.5810031
ORDB06911,2018-01-29,08:50:42,Breakfast,TP,"[('Cereal', 7), ('Coffee', 1), ('Pancake', 6), ('Eggs', 4)]",388.0,-37.8255942,144.9339725,0,10.192,12.0186954
ORDC07674,2018-10-10,17:17:44,Dinner,NS,"[('Pasta', 10), ('Fish&Chips', 9), ('Shrimp', 4)]",806.0,-37.8124144,144.9535938,0,8.54,14.7054312
ORDI01184,2018-12-14,19:29:34,Dinner,NS,"[('Fish&Chips', 4), ('Shrimp', 4), ('Pasta', 3), ('Salmon', 4)]",602.5,-37.8179629,144.932101,0,9.585,15.8314536
ORDA07620,2018-01-31,09:00:50,Breakfast,BK,"[('Pancake', 2), ('Cereal', 9), ('Eggs', 6)]",369.5,-37.8051695,144.9692462,0,7.036,11.9617911
ORDI05590,2018-12-22,19:49:51,Dinner,NS,"[('Fish&Chips', 10), ('Pasta', 4)]",460.0,-37.807011,144.9666602,0,7.008,14.9279806
ORDZ07487,2018-04-18,11:32:57,Breakfast,NS,"[('Pancake', 6), ('Cereal', 6)]",271.5,-37.8115401,144.9530611,0,8.441,13.551078
ORDY01636,2018-03-14,10:21:58,Breakfast,TP,"[('Coffee', 6), ('Cereal', 1)]",66.0,-37.823017,145.014163,0,11.888,14.7004924
ORDY02459,2018-01-25,08:40:33,Breakfast,TP,"[('Coffee', 6), ('Cereal', 5), ('Pancake', 10), ('Eggs', 8)]",568.5,-37.8036271,144.9562464,0,9.456,12.2198018
ORDX03744,2018-05-04,12:03:22,Lunch,BK,"[('Chicken', 2), ('Fries', 9), ('Burger', 2)]",234.0,-37.7999149,144.9363265,0,12.323,18.5694946
ORDC07814,2018-08-14,15:26:11,Lunch,NS,"[('Steak', 7), ('Fries', 7)]",399.0,-37.8120686,144.9720701,0,7.572,12.5392932
ORDC02161,2018-06-06,13:04:13,Lunch,NS,"[('Burger', 1), ('Chicken', 7), ('Salad', 8), ('Steak', 4)]",572.6,-37.7996462,144.9872757,0,7.824,13.6868305
ORDA00708,2018-11-30,18:59:09,Dinner,BK,"[('Pasta', 7), ('Shrimp', 6), ('Fish&Chips', 3), ('Salmon', 5)]",826.5,-37.8031341,145.003551,0,5.337,5.977351
ORDK09213,2018-06-11,13:14:21,Lunch,BK,"[('Steak', 6), ('Fries', 10), ('Salad', 6)]",493.2,-37.8245451,144.9469959,0,9.576,15.8194459
ORDX09938,2018-02-02,09:00:50,Breakfast,BK,"[('Cereal', 4), ('Coffee', 4), ('Eggs', 10)]",334.0,-37.8170339,144.9532569,0,8.659,13.8141596
ORDY03119,2018-09-02,16:06:45,Dinner,TP,"[('Fish&Chips', 5), ('Shrimp', 2), ('Salmon', 2), ('Pasta', 9)]",612.5,-37.8126652,144.9687843,0,8.489,6.90545565
ORDY01598,2018-03-05,10:01:41,Breakfast,TP,"[('Eggs', 5), ('Coffee', 9), ('Cereal', 2), ('Pancake', 3)]",292.25,-37.8099942,144.9761225,0,9.244,12.4642797
ORDC08696,2018-12-25,19:49:51,Dinner,NS,"[('Pasta', 10), ('Shrimp', 6)]",599.0,-37.8159483,145.0094537,0,10.832,17.5402427
ORDC02136,2018-12-19,19:39:43,Dinner,NS,"[('Fish&Chips', 5), ('Pasta', 5), ('Shrimp', 2)]",420.5,-37.8143317,144.9359226,0,10.064,8.13358275
ORDK00942,2018-04-10,11:12:40,Breakfast,BK,"[('Cereal', 8), ('Coffee', 10)]",243.0,-37.8006529,144.9703117,0,7.485,12.4670955
ORDX08121,2018-01-18,08:30:25,Breakfast,BK,"[('Eggs', 1), ('Pancake', 8)]",216.0,-37.8233657,144.9392171,1,10.242,3.8581308
ORDC10603,2018-12-14,19:29:34,Dinner,NS,"[('Shrimp', 8), ('Salmon', 5)]",637.0,-37.8167245,144.9273945,0,10.405,16.8039961
ORDB05357,2018-08-11,15:16:03,Lunch,TP,"[('Chicken', 3), ('Fries', 7), ('Salad', 3)]",231.6,-37.8106068,144.9887464,0,9.954,14.5228573
ORDB04843,2018-05-17,12:23:39,Lunch,TP,"[('Chicken', 1), ('Burger', 10)]",342.0,-37.8085307,144.9632838,0,8.779,12.1311758
ORDX06979,2018-09-20,16:37:10,Dinner,BK,"[('Pasta', 6), ('Salmon', 2)]",247.0,-37.8145666,145.0143837,0,4.417,10.6760785
ORDX04266,2018-04-30,11:53:14,Breakfast,BK,"[('Coffee', 5), ('Cereal', 8), ('Pancake', 10)]",448.0,-37.8040613,144.9530848,0,8.51,12.7339681
ORDY01524,2018-11-28,18:59:09,Dinner,TP,"[('Shrimp', 7), ('Salmon', 2), ('Fish&Chips', 9), ('Pasta', 9)]",1022.5,-37.8166437,144.9763068,0,8.61,12.7798063
ORDC09591,2018-03-01,09:51:32,Breakfast,NS,"[('Cereal', 4), ('Pancake', 6)]",229.5,-37.8049635,144.9553767,0,7.927,13.0263163
ORDY07077,2018-10-04,17:07:36,Dinner,TP,"[('Pasta', 1), ('Shrimp', 2), ('Fish&Chips', 2), ('Salmon', 9)]",574.5,-37.8152483,144.9341073,0,10.754,14.6163016
ORDZ01277,2018-09-11,16:27:02,Dinner,NS,"[('Shrimp', 10), ('Salmon', 6), ('Pasta', 9)]",1033.5,-37.8106451,144.9756601,0,7.592,13.6431832
ORDJ05703,2018-06-20,13:34:38,Lunch,TP,"[('Burger', 8), ('Steak', 8), ('Salad', 7), ('Fries', 8), ('Chicken', 7)]",1048.4,-37.8039058,144.9978162,0,11.42,14.409893
ORDB04903,2018-03-08,10:11:49,Breakfast,TP,"[('Cereal', 3), ('Coffee', 1), ('Eggs', 8), ('Pancake', 5)]",367.75,-37.8187574,144.9831919,0,9.084,11.5170575
ORDZ07492,2018-04-06,11:02:32,Breakfast,NS,"[('Pancake', 1), ('Cereal', 6), ('Coffee', 10)]",225.25,-37.8243287,144.9855656,0,9.445,14.3028366
ORDA07968,2018-11-28,18:59:09,Dinner,BK,"[('Pasta', 9), ('Fish&Chips', 6)]",457.5,-37.8238862,145.0103172,0,4.877,11.6961911
ORDB08799,2018-09-19,16:37:10,Dinner,TP,"[('Fish&Chips', 8), ('Salmon', 2), ('Pasta', 4), ('Shrimp', 5)]",742.0,-37.825471,144.9290812,0,16.676,19.8742805
ORDY10871,2018-07-28,14:55:46,Lunch,TP,"[('Burger', 1), ('Steak', 2), ('Salad', 4), ('Fries', 9), ('Chicken', 6)]",489.8,-37.8132167,144.9484308,0,10.223,14.8248694
ORDJ00915,2018-09-24,16:47:19,Dinner,TP,"[('Salmon', 1), ('Shrimp', 3)]",203.0,-37.8087463,144.9259141,0,11.446,16.0537091
ORDC06811,2018-01-31,08:50:42,Breakfast,NS,"[('Eggs', 10), ('Pancake', 10)]",462.5,-37.8240565,144.9419492,0,10.747,15.2105137
ORDJ02503,2018-11-26,18:59:09,Dinner,TP,"[('Fish&Chips', 4), ('Shrimp', 1), ('Pasta', 1)]",221.5,-37.8061239,144.9583036,0,9.078,12.901392
ORDI03572,2018-07-29,14:55:46,Lunch,NS,"[('Fries', 10), ('Salad', 6)]",223.2,-37.8174523,144.9459675,0,9.432,17.0408161
ORDJ09971,2018-01-11,08:20:16,Breakfast,TP,"[('Cereal', 4), ('Pancake', 5), ('Eggs', 5), ('Coffee', 4)]",345.25,-37.7993218,144.9838369,1,10.838,6.9474374
ORDX04225,2018-08-18,15:36:20,Lunch,BK,"[('Salad', 9), ('Burger', 3)]",247.8,-37.8177655,144.9469248,0,9.437,17.787851
ORDB09153,2018-04-04,11:02:32,Breakfast,TP,"[('Eggs', 1), ('Cereal', 4)]",106.0,-37.8165922,144.9826462,0,9.139,12.1331096
ORDB01492,2018-08-17,15:36:20,Lunch,TP,"[('Fries', 7), ('Chicken', 10), ('Steak', 6)]",674.0,-37.82339,144.94794,0,9.699,13.3333972
ORDX11047,2018-09-06,16:16:54,Dinner,BK,"[('Salmon', 9), ('Shrimp', 4), ('Fish&Chips', 9)]",900.0,-37.8164884,144.9844661,0,6.098,12.650436
ORDA04621,2018-07-18,14:35:29,Lunch,BK,"[('Salad', 5), ('Steak', 9), ('Fries', 8), ('Chicken', 4), ('Burger', 10)]",1025.0,-37.811881,145.0120477,0,3.479,9.0917869
ORDK09943,2018-12-14,19:29:34,Dinner,BK,"[('Salmon', 3), ('Pasta', 7), ('Shrimp', 7), ('Fish&Chips', 6)]",903.5,-37.8053499,144.9508028,0,8.526,15.5149766
ORDX07102,2018-04-22,11:32:57,Breakfast,BK,"[('Eggs', 10), ('Cereal', 5)]",325.0,-37.818784,144.9532152,0,8.813,16.0122448
ORDB04805,2018-11-26,18:59:09,Dinner,TP,"[('Shrimp', 4), ('Salmon', 9), ('Fish&Chips', 2)]",655.0,-37.8245833,144.9637696,0,7.824,12.1425122
ORDB08773,2018-10-29,17:58:18,Dinner,TP,"[('Fish&Chips', 10), ('Salmon', 9), ('Pasta', 9), ('Shrimp', 2)]",1074.5,-37.8179323,144.9619829,0,7.869,11.9208537
ORDZ10858,2018-06-25,13:44:47,Lunch,NS,"[('Steak', 9), ('Burger', 9), ('Salad', 2), ('Chicken', 1)]",750.4,-37.8045552,144.9160408,0,11.576,16.7032722
ORDA08883,2018-02-20,09:41:24,Breakfast,BK,"[('Eggs', 9), ('Cereal', 1), ('Coffee', 8)]",279.0,-37.8150469,144.9951377,0,4.993,10.173414
ORDX10801,2018-03-25,10:42:15,Breakfast,BK,"[('Pancake', 2), ('Eggs', 6), ('Cereal', 9)]",369.5,-37.8200279,145.015796,0,4.601,11.8837042
ORDA08801,2018-06-16,13:24:30,Lunch,BK,"[('Steak', 10), ('Fries', 7), ('Burger', 8), ('Chicken', 10)]",1102.0,-37.8002993,144.9438816,0,9.369,18.593393
ORDB01582,2018-12-19,19:39:43,Dinner,TP,"[('Fish&Chips', 10), ('Pasta', 2), ('Salmon', 1), ('Shrimp', 3)]",608.0,-37.821115,144.9548862,0,8.199,13.3356323
ORDA00467,2018-03-10,10:11:49,Breakfast,BK,"[('Coffee', 6), ('Pancake', 10), ('Eggs', 9)]",485.5,-37.8230512,144.9764732,0,7.315,14.9602089
ORDK02921,2018-07-15,14:25:21,Lunch,BK,"[('Steak', 6), ('Salad', 2), ('Burger', 8), ('Chicken', 8)]",808.4,-37.806913,144.9657827,0,7.189,15.7380602
ORDI10439,2018-07-04,14:05:04,Lunch,NS,"[('Chicken', 9), ('Steak', 8), ('Salad', 9), ('Fries', 5), ('Burger', 5)]",1017.8,-37.8048323,144.9327615,0,10.113,15.8390993
ORDJ02561,2018-12-08,19:19:26,Dinner,TP,"[('Fish&Chips', 6), ('Shrimp', 2), ('Pasta', 6)]",483.0,-37.8128979,144.9474992,0,9.689,15.2988687
ORDJ10532,2018-01-26,08:40:33,Breakfast,TP,"[('Cereal', 7), ('Pancake', 5), ('Coffee', 1), ('Eggs', 6)]",407.75,-37.8071908,144.9578618,0,9.152,12.673785
ORDI02527,2018-04-13,11:22:49,Breakfast,NS,"[('Eggs', 3), ('Coffee', 6), ('Cereal', 2)]",153.0,-37.8022219,144.9425725,0,8.863,20.41459815
ORDY04081,2018-02-05,09:10:59,Breakfast,TP,"[('Cereal', 9), ('Eggs', 5), ('Pancake', 5)]",420.25,-37.8050491,144.925635,0,11.576,14.3456865
ORDY01388,2018-12-03,19:09:17,Dinner,TP,"[('Fish&Chips', 8), ('Pasta', 4), ('Shrimp', 2), ('Salmon', 6)]",744.0,-37.8128293,145.0150085,0,12.63,24.36159345
ORDJ01889,2018-08-17,15:36:20,Lunch,TP,"[('Burger', 7), ('Chicken', 10)]",537.0,-37.8173375,144.9658313,0,7.688,10.9896948
ORDZ01904,2018-06-24,13:44:47,Lunch,NS,"[('Burger', 8), ('Fries', 8), ('Chicken', 10), ('Salad', 7)]",784.4,-37.8249648,144.9827805,0,9.469,17.0543996
ORDX00616,2018-07-08,14:15:12,Lunch,BK,"[('Chicken', 10), ('Steak', 1), ('Fries', 7), ('Burger', 4)]",573.0,-37.819881,144.9612829,0,8.066,16.1978409
ORDI10550,2018-01-08,08:10:08,Breakfast,NS,"[('Pancake', 1), ('Coffee', 3), ('Cereal', 10)]",256.75,-37.816088,144.9393054,1,9.872,7.3897777
ORDJ05596,2018-03-11,10:11:49,Breakfast,TP,"[('Coffee', 8), ('Pancake', 10), ('Eggs', 7)]",456.5,-37.8046228,144.9633154,0,9.23,13.0508457
ORDK09333,2018-11-12,18:28:43,Dinner,BK,"[('Pasta', 10), ('Shrimp', 8), ('Salmon', 10), ('Fish&Chips', 3)]",1222.0,-37.8175535,144.9591934,0,8.22,14.8885904
ORDA10813,2018-02-25,09:41:24,Breakfast,BK,"[('Eggs', 1), ('Coffee', 7), ('Cereal', 4), ('Pancake', 6)]",304.0,-37.8136563,144.9612615,0,7.84,14.8738507
ORDK07525,2018-11-09,18:18:35,Dinner,BK,"[('Fish&Chips', 7), ('Pasta', 4), ('Shrimp', 4), ('Salmon', 3)]",694.0,-37.8155278,144.951093,0,8.879,15.3522382
ORDA09172,2018-10-03,17:07:36,Dinner,BK,"[('Fish&Chips', 3), ('Shrimp', 1), ('Salmon', 8), ('Pasta', 2)]",542.0,-37.8131438,144.9553881,0,8.279,7.476958
ORDA07434,2018-10-10,17:17:44,Dinner,BK,"[('Fish&Chips', 1), ('Pasta', 2), ('Shrimp', 1)]",144.0,-37.8123057,144.9533594,0,8.483,15.6421757
ORDJ03443,2018-08-09,15:16:03,Lunch,TP,"[('Salad', 10), ('Steak', 4), ('Chicken', 2), ('Burger', 1), ('Fries', 4)]",495.0,-37.807411,144.9395382,0,10.306,13.7662231
ORDZ10118,2018-08-31,15:56:37,Lunch,NS,"[('Steak', 3), ('Chicken', 6), ('Burger', 10)]",637.0,-37.8044157,144.9592957,0,7.495,6.5853637
ORDB01723,2018-10-30,17:58:18,Dinner,TP,"[('Shrimp', 8), ('Salmon', 3), ('Pasta', 8)]",775.0,-37.8118901,144.9613941,0,8.46,12.9122157
ORDA06848,2018-01-30,08:50:42,Breakfast,BK,"[('Eggs', 7), ('Pancake', 1), ('Cereal', 9), ('Coffee', 2)]",382.25,-37.8081138,144.9768607,0,6.207,10.7016821
ORDZ06741,2018-04-27,11:43:05,Breakfast,NS,"[('Pancake', 6), ('Coffee', 4), ('Eggs', 8), ('Cereal', 6)]",477.5,-37.8010235,144.9876745,0,7.788,12.7528064
ORDI09428,2018-04-23,11:43:05,Breakfast,NS,"[('Coffee', 3), ('Cereal', 7), ('Eggs', 6)]",301.5,-37.8192582,144.9528011,0,9.298,14.5594224
ORDX04051,2018-06-14,13:24:30,Lunch,BK,"[('Burger', 3), ('Salad', 3), ('Fries', 5), ('Chicken', 7)]",428.6,-37.8271233,144.9851161,0,7.937,6.890633
ORDA08794,2018-01-12,08:20:16,Breakfast,BK,"[('Eggs', 10), ('Cereal', 10)]",430.0,-37.7981012,144.9528279,1,8.779,7.0652207
ORDI06563,2018-07-04,14:05:04,Lunch,NS,"[('Steak', 2), ('Chicken', 3), ('Fries', 2), ('Salad', 4)]",278.8,-37.8222138,144.9497762,0,9.809,15.1481851
ORDK02578,2018-06-13,13:24:30,Lunch,BK,"[('Fries', 10), ('Salad', 5), ('Chicken', 6)]",398.0,-37.81115,144.9729569,0,6.807,13.1524935
ORDY02882,2018-04-07,11:12:40,Breakfast,TP,"[('Cereal', 10), ('Eggs', 2), ('Pancake', 9)]",472.25,-37.8166864,145.0134205,0,12.042,15.6722375
ORDI03620,2018-12-03,19:09:17,Dinner,NS,"[('Pasta', 5), ('Salmon', 6), ('Fish&Chips', 8)]",663.5,-37.8171956,145.0143755,0,11.744,17.67754
ORDY05223,2018-05-06,12:03:22,Lunch,TP,"[('Chicken', 10), ('Salad', 7), ('Fries', 10)]",560.4,-37.8093172,144.9340149,0,10.728,14.958067
ORDB07743,2018-12-14,19:29:34,Dinner,TP,"[('Salmon', 1), ('Shrimp', 8)]",473.0,-37.8117045,144.9406911,0,10.077,14.5829167
ORDC09475,2018-06-28,13:54:55,Lunch,NS,"[('Fries', 4), ('Burger', 1)]",79.0,-37.8077005,144.9424056,0,9.41,14.8940891
ORDC01161,2018-03-18,10:32:06,Breakfast,NS,"[('Coffee', 3), ('Pancake', 3)]",95.25,-37.8113706,144.9728774,0,7.427,14.8197196
ORDX09384,2018-07-14,14:25:21,Lunch,BK,"[('Burger', 10), ('Fries', 1)]",322.0,-37.8171138,144.9534699,0,8.65,17.6115999
ORDX10082,2018-02-10,09:21:07,Breakfast,BK,"[('Coffee', 3), ('Pancake', 1), ('Cereal', 1)]",67.75,-37.8087126,144.9663936,0,7.141,14.2436086
